a1,a2,a3,a4,a5,a5,a7
0.0,0.0,0.0,0.0,0.0,0.0,0.0
0.6481436491012573,55.73521041870117,-5.147132396697998,-14.71819019317627,0.006162624340504408,-0.32774415612220764,0.1368381828069687
1.9341429471969604,55.54487991333008,-3.9601597785949707,-15.673952102661133,0.0642673671245575,-0.19557848572731018,0.20826104283332825
2.4331107139587402,55.55259704589844,-3.480262517929077,-15.273365020751953,-0.0519421212375164,-0.24831125140190125,0.20592477917671204
3.4541940689086914,55.642616271972656,-2.564828395843506,-15.617493629455566,-0.007923373952507973,-0.42686840891838074,0.14651699364185333
3.333310127258301,56.5556755065918,-2.9318087100982666,-15.602706909179688,-0.2781984806060791,-0.5553628206253052,-0.025365127250552177
2.651730537414551,56.63026428222656,-3.5259671211242676,-16.198209762573242,-0.2905237078666687,-0.38681820034980774,-0.029036395251750946
3.0220983028411865,57.041786193847656,-3.216789484024048,-15.66319751739502,-0.33982470631599426,-0.6037567853927612,-0.05173151195049286
1.4608951807022095,57.98313522338867,-4.958937168121338,-16.274831771850586,-0.24298347532749176,-0.3814781606197357,0.015352576971054077
1.1111034154891968,57.75937271118164,-5.340703964233398,-15.835261344909668,-0.13381698727607727,-0.2810189127922058,0.07709664106369019
0.8641915321350098,56.753719329833984,-5.477817535400391,-15.837950706481934,-0.15142448246479034,-0.2556537985801697,0.06241156533360481
0.9079155325889587,56.800018310546875,-5.340703964233398,-16.10948944091797,-0.10916648805141449,-0.26499882340431213,0.15118950605392456
0.6867236495018005,58.57984161376953,-5.558472633361816,-16.635089874267578,-0.5995352864265442,-0.399167001247406,-0.06708408892154694
1.2011233568191528,57.3658561706543,-5.56250524520874,-16.307092666625977,-0.7439168095588684,-0.45056477189064026,-0.050396502017974854
1.0750954151153564,57.89826202392578,-6.090795516967773,-15.622870445251465,-0.6998980641365051,-0.5430139899253845,0.01568632945418358
1.0056514739990234,57.63077163696289,-6.311252593994141,-15.522051811218262,-0.3503892123699188,-0.12615813314914703,0.024697624146938324
0.3446478247642517,55.040771484375,-7.0653767585754395,-15.577165603637695,-0.19544322788715363,0.4241983890533447,-0.06174406036734581
-1.8724149465560913,53.16835403442383,-8.096416473388672,-14.568978309631348,0.14526185393333435,0.46458232402801514,0.3030465245246887
-0.9979354739189148,53.21207809448242,-7.240128993988037,-14.008426666259766,0.4058528244495392,0.06474782526493073,0.4198596179485321
0.22890786826610565,54.98418426513672,-6.102893829345703,-15.847359657287598,0.45515382289886475,-0.016687583178281784,0.23062241077423096
0.7844595909118652,56.89775466918945,-5.979222774505615,-17.74812889099121,0.22185447812080383,0.4155208468437195,0.07542788237333298
0.6790076494216919,56.221317291259766,-5.644504547119141,-18.51838493347168,0.2826003432273865,0.6274531483650208,0.1415107101202011
0.13374392688274384,56.4810905456543,-5.836732387542725,-18.280452728271484,-0.1294151097536087,-0.15486077964305878,0.1605345606803894
0.3626517951488495,56.36277770996094,-5.507390975952148,-17.546491622924805,-0.1223721131682396,-0.5743866562843323,0.13516943156719208
-0.40894776582717896,55.989837646484375,-6.578758239746094,-17.295116424560547,-0.37327897548675537,-0.29103145003318787,0.12248686701059341
-0.5941316485404968,54.734703063964844,-6.87449312210083,-17.53842544555664,-0.11092723906040192,-0.4211946129798889,0.15018825232982635
-0.09259194880723953,55.269676208496094,-6.588167667388916,-16.811187744140625,-0.13821886479854584,-0.40550827980041504,0.12482313066720963
0.14917591214179993,54.0093994140625,-6.117680549621582,-16.856891632080078,-0.18663948774337769,0.14985451102256775,0.05239901319146156
0.2649158537387848,53.39726257324219,-5.6270294189453125,-16.323225021362305,-0.19808435440063477,0.06174406036734581,0.04806024208664894
0.13374392688274384,53.945098876953125,-5.788339138031006,-16.18476676940918,-0.11973098665475845,0.09044670313596725,0.09278296679258347
-0.40894776582717896,54.073699951171875,-6.2104339599609375,-16.338010787963867,0.18223761022090912,0.14985451102256775,0.18189465999603271
0.17746789753437042,54.43635177612305,-5.985943794250488,-16.4455509185791,0.08275523781776428,-0.031038906425237656,0.1808934062719345
0.11573993414640427,54.79128646850586,-6.01417350769043,-16.645843505859375,0.15230485796928406,-0.036712683737277985,0.16353832185268402
0.1543199121952057,54.57780838012695,-5.929485321044922,-16.95636558532715,0.12061136215925217,-0.0393826998770237,0.18256217241287231
-0.043723974376916885,54.43635177612305,-6.240007400512695,-16.934858322143555,0.003521499689668417,-0.0033375166822224855,0.17154836654663086
0.04886797443032265,54.55208969116211,-6.188925743103027,-17.07465934753418,-0.032573871314525604,0.015352576971054077,0.1598670482635498
0.07201596349477768,54.56494903564453,-6.028960227966309,-16.84479331970215,-0.11973098665475845,-0.033041417598724365,0.12916189432144165
0.01800399087369442,54.42348861694336,-6.082729816436768,-16.76548194885254,-0.11268799006938934,-0.051064006984233856,0.160868301987648
0.03600798174738884,54.69612121582031,-6.089451313018799,-16.804466247558594,-0.10916648805141449,-0.07075535506010056,0.1618695706129074
-0.01800399087369442,54.54951858520508,-6.170106410980225,-16.7789249420166,-0.07307111471891403,-0.028368892148137093,0.17054711282253265
-0.023147987201809883,55.040771484375,-6.363677978515625,-16.670040130615234,-0.1294151097536087,-0.09178171306848526,0.1812271624803543
0.06429996341466904,55.61689758300781,-6.256138324737549,-16.637779235839844,-0.11444874107837677,-0.2199423611164093,0.1979147493839264
0.04886797443032265,55.83037185668945,-6.183548927307129,-16.657941818237305,-0.09596086293458939,-0.16487333178520203,0.20692604780197144
-0.05401197075843811,55.57317352294922,-6.352924346923828,-16.33935546875,-0.16286936402320862,-0.12248686701059341,0.21326732635498047
0.07458795607089996,55.80979919433594,-5.856895923614502,-16.0113582611084,-0.12589360773563385,-0.15118950605392456,0.21026355028152466
0.23147986829280853,56.01298522949219,-5.856895923614502,-15.395691871643066,-0.1945628523826599,-0.16287082433700562,0.1975809931755066
-0.07458795607089996,55.59632110595703,-6.170106410980225,-15.207497596740723,-0.21128997206687927,-0.11848184466362,0.158532053232193
0.03857997804880142,55.80722427368164,-6.178171634674072,-15.233037948608398,-0.2649928331375122,-0.08911170065402985,0.13283316791057587
0.14660392701625824,56.81801986694336,-6.433578968048096,-15.242447853088379,-0.26147136092185974,-0.09111420810222626,0.08310417085886002
0.24176786839962006,56.699710845947266,-6.718560218811035,-14.966876029968262,-0.3037293553352356,-0.13416817784309387,0.14551572501659393
0.14403192698955536,57.24754333496094,-6.791149616241455,-14.898319244384766,-0.2077684849500656,-0.14918699860572815,0.15419328212738037
-0.17489589750766754,57.1781005859375,-7.193080425262451,-14.711468696594238,-0.19192172586917877,-0.17221586406230927,0.1989160031080246
0.0694439634680748,57.010921478271484,-6.8986897468566895,-14.617371559143066,-0.22889748215675354,-0.23496118187904358,0.1795583963394165
0.10802394151687622,57.94712829589844,-7.011606693267822,-14.692649841308594,-0.26675358414649963,-0.22428113222122192,0.14651699364185333
0.01800399087369442,58.2429084777832,-6.7427568435668945,-14.485634803771973,-0.18575911223888397,-0.24630874395370483,0.16954585909843445
-0.05143997073173523,57.08808135986328,-6.835509777069092,-13.962721824645996,-0.2456246018409729,-0.279683917760849,0.16220331192016602
0.10287994146347046,57.6976432800293,-7.0465569496154785,-13.914328575134277,-0.18399836122989655,-0.19491097331047058,0.21426858007907867
0.25719985365867615,57.74651336669922,-7.055966854095459,-13.93986988067627,-0.10828611254692078,-0.18322966992855072,0.22394737601280212
0.13631592690944672,57.16267013549805,-6.551873207092285,-13.888788223266602,-0.13733848929405212,-0.157197043299675,0.19390971958637238
0.1388879269361496,58.10916519165039,-6.828788757324219,-14.141507148742676,-0.15846748650074005,-0.10813554376363754,0.199583500623703
-0.025719985365867615,58.16060256958008,-6.944394111633301,-14.107900619506836,-0.17255347967147827,-0.10913679748773575,0.20992980897426605
0.08487595617771149,58.042293548583984,-6.838198184967041,-13.814854621887207,-0.25618910789489746,-0.22494862973690033,0.21093106269836426
-0.01800399087369442,58.006282806396484,-6.8476080894470215,-13.847116470336914,-0.3151742219924927,-0.1979147493839264,0.20258726179599762
0.030863983556628227,57.98571014404297,-6.832821369171143,-13.781248092651367,-0.27379658818244934,-0.202253520488739,0.25198251008987427
-0.002571998629719019,58.00371170043945,-6.8798699378967285,-13.840394973754883,-0.2966863512992859,-0.20492352545261383,0.24530749022960663
-0.059155967086553574,58.016571044921875,-7.02908182144165,-13.853837966918945,-0.2588302195072174,-0.22461487352848053,0.2943689823150635
0.08744794875383377,58.052581787109375,-6.799215316772461,-13.943902015686035,-0.25618910789489746,-0.2192748486995697,0.2820201814174652
0.11573993414640427,58.09373092651367,-6.624462604522705,-14.024557113647461,-0.2764377295970917,-0.2199423611164093,0.26766884326934814
0.05143997073173523,58.08601760864258,-6.619085788726807,-13.929115295410156,-0.2790788412094116,-0.22361361980438232,0.26700133085250854
0.002571998629719019,58.08858871459961,-6.688986778259277,-13.886099815368652,-0.2394619733095169,-0.21526983380317688,0.27234137058258057
-0.01800399087369442,58.08087158203125,-6.660757541656494,-13.890131950378418,-0.21745260059833527,-0.198248490691185,0.2810189127922058
-0.03343598172068596,58.07058334350586,-6.687642574310303,-13.900886535644531,-0.22801710665225983,-0.1962459832429886,0.2813526690006256
-0.028291985392570496,58.06029510498047,-6.730658531188965,-13.880722999572754,-0.22273485362529755,-0.18489843606948853,0.29203271865844727
0.01800399087369442,58.03971862792969,-6.721248626708984,-13.847116470336914,-0.2192133516073227,-0.18823595345020294,0.3003765046596527
0.046295974403619766,58.032005310058594,-6.705117702484131,-13.840394973754883,-0.2253759801387787,-0.19257472455501556,0.3000427484512329
0.05401197075843811,58.034576416015625,-6.722592830657959,-13.875345230102539,-0.2509068548679352,-0.19691349565982819,0.29270023107528687
0.012859992682933807,58.05000686645508,-6.756198883056641,-13.863247871398926,-0.24122272431850433,-0.20926229655742645,0.2980402410030365
0.06687196344137192,58.02943420410156,-6.683609485626221,-13.849804878234863,-0.2385815978050232,-0.20992980897426605,0.30738529562950134
0.03600798174738884,58.09373092651367,-6.7064619064331055,-13.818886756896973,-0.26059097051620483,-0.21460233628749847,0.28936269879341125
0.22633588314056396,58.16831970214844,-6.585479259490967,-13.845771789550781,-0.2130507230758667,-0.2379649430513382,0.23562867939472198
0.05658397078514099,58.055152893066406,-6.637905120849609,-13.871313095092773,-0.19808435440063477,-0.20358853042125702,0.23028865456581116
0.05658397078514099,58.032005310058594,-6.784428596496582,-13.818886756896973,-0.14438147842884064,-0.23562867939472198,0.26900383830070496
-0.0977359488606453,58.062870025634766,-6.725281238555908,-13.868624687194824,-0.040497247129678726,-0.19090595841407776,0.2573225498199463
0.02057598903775215,58.013999938964844,-6.654036045074463,-13.851149559020996,-0.17167310416698456,-0.1989160031080246,0.2619950771331787
-0.025719985365867615,57.20639419555664,-6.378465175628662,-13.677741050720215,-0.17959648370742798,-0.07609537988901138,0.20158600807189941
0.19804389774799347,56.37563705444336,-6.2642035484313965,-14.076983451843262,-0.19720397889614105,0.14985451102256775,0.16821084916591644
0.23147986829280853,55.758358001708984,-6.585479259490967,-13.911640167236328,-0.31429383158683777,0.1775558888912201,0.1401757001876831
0.3317878246307373,55.55259704589844,-6.280334949493408,-14.598551750183105,-0.11356836557388306,0.13416817784309387,0.14484822750091553
0.372939795255661,55.380271911621094,-6.0437469482421875,-15.125497817993164,0.025530872866511345,-0.006675033364444971,0.1778896450996399
0.18261189758777618,54.0093994140625,-6.404005527496338,-15.582542419433594,-0.023770121857523918,0.06775159388780594,0.18589968979358673
0.2083318829536438,55.22338104248047,-6.188925743103027,-16.545024871826172,0.12413286417722702,0.200918510556221,0.1972472369670868
0.42180776596069336,54.66525650024414,-6.257482528686523,-17.244035720825195,0.24210309982299805,0.26466506719589233,0.2403012067079544
0.023147987201809883,53.43584442138672,-6.451054573059082,-17.608327865600586,0.17959648370742798,0.26566633582115173,0.19123971462249756
0.20061589777469635,53.6004524230957,-6.293776988983154,-18.045207977294922,0.23506009578704834,0.02803514152765274,0.1598670482635498
0.18518389761447906,53.80106735229492,-6.203712463378906,-18.267009735107422,0.09772161394357681,0.03237391263246536,0.12582437694072723
0.0694439634680748,52.98831558227539,-6.114992141723633,-18.718677520751953,0.032573871314525604,0.22528238594532013,0.11781433969736099
0.023147987201809883,53.73676681518555,-6.104238033294678,-18.830249786376953,-0.05546361953020096,0.20725978910923004,0.07743038982152939
0.10802394151687622,52.952308654785156,-6.015517711639404,-18.601728439331055,-0.09772161394357681,0.07809789478778839,0.10980430245399475
-0.13117192685604095,52.52021026611328,-6.080041408538818,-18.491498947143555,-0.08715711534023285,0.12115185707807541,0.1591995507478714
-0.6275676488876343,51.658592224121094,-6.428202152252197,-18.398746490478516,-0.09772161394357681,0.3357541859149933,0.08944544941186905
0.23147986829280853,53.942527770996094,-6.248072624206543,-18.72405433654785,0.12061136215925217,0.17088085412979126,0.12949565052986145
0.4963957369327545,53.734195709228516,-5.56250524520874,-19.363916397094727,0.22889748215675354,0.26766884326934814,0.1004592552781105
0.6661476492881775,54.36948013305664,-5.355490684509277,-19.467424392700195,0.1479029804468155,0.11214056611061096,0.10379677265882492
0.2623438537120819,54.292320251464844,-5.809847354888916,-19.535982131958008,-0.26323211193084717,0.22394737601280212,-0.0600753016769886
1.7515310049057007,54.64210891723633,-4.6887431144714355,-19.933879852294922,-0.028171997517347336,0.22628363966941833,-0.07776413857936859
1.5483431816101074,55.32368850708008,-5.294999599456787,-19.245622634887695,0.0713103711605072,0.1612020581960678,0.17321711778640747
1.6795151233673096,55.70177459716797,-5.950993537902832,-18.84503746032715,0.23594047129154205,0.08343791961669922,0.4749286472797394
1.3657312393188477,56.110721588134766,-6.740067958831787,-18.689104080200195,0.2465049773454666,0.27167385816574097,0.711892306804657
1.2499912977218628,55.195091247558594,-7.816812038421631,-18.213239669799805,0.1038842424750328,0.34943801164627075,0.401837021112442
1.4994752407073975,55.29282760620117,-8.115235328674316,-18.078815460205078,-0.13733848929405212,0.28769394755363464,0.33241668343544006
1.3091472387313843,54.390052795410156,-8.553461074829102,-17.5679988861084,-0.4577949643135071,0.3033802807331085,0.32407286763191223
1.6126431226730347,54.34375762939453,-9.411092758178711,-17.014169692993164,-0.7500793933868408,0.3160628378391266,0.4609110653400421
1.6255030632019043,54.99447250366211,-10.276788711547852,-16.540992736816406,-0.6162624359130859,0.23562867939472198,0.8584093451499939
1.4171712398529053,54.66011428833008,-10.065741539001465,-17.163379669189453,-0.5229427218437195,0.6444745063781738,0.6591595411300659
1.607499122619629,56.75114822387695,-10.279478073120117,-17.797866821289062,-0.30637046694755554,0.7199023962020874,1.0383014678955078
1.6229311227798462,57.53561019897461,-9.936694145202637,-18.589630126953125,-0.39616870880126953,0.5777241587638855,0.8754306435585022
2.1527628898620605,57.92912292480469,-10.009283065795898,-18.283140182495117,-0.4657183289527893,0.36412307620048523,0.9041333198547363
1.5920671224594116,58.30463790893555,-10.52547550201416,-18.77244758605957,-0.4463500678539276,0.46992236375808716,0.7996690273284912
1.6589391231536865,58.66214370727539,-10.032135963439941,-18.763036727905273,-0.19632360339164734,0.5817291736602783,1.005927562713623
1.0210834741592407,59.3180046081543,-10.171937942504883,-18.80336570739746,-0.1751946061849594,0.6992097496986389,1.0613303184509277
0.8358995318412781,58.7958869934082,-10.268723487854004,-18.418909072875977,-0.1813572347164154,0.5420127511024475,1.1557821035385132
0.6429996490478516,59.757816314697266,-9.52535343170166,-18.508974075317383,-0.06514774262905121,0.3220703601837158,1.0790191888809204
1.0056514739990234,60.93836212158203,-9.421846389770508,-18.146026611328125,0.018487872555851936,0.20826104283332825,1.0853604078292847
0.9850754737854004,61.72539520263672,-9.236339569091797,-18.02504539489746,-0.15846748650074005,0.3374229371547699,0.8600780963897705
0.6867236495018005,61.70738983154297,-8.554804801940918,-18.319435119628906,-0.19720397889614105,0.567711591720581,0.7125598192214966
1.0725233554840088,61.86942672729492,-7.728091716766357,-17.797866821289062,-0.09331974387168884,0.6211118698120117,0.8921182155609131
0.18518389761447906,61.74854278564453,-8.499691009521484,-17.492721557617188,-0.25530871748924255,0.5460177659988403,1.0136038064956665
1.1934072971343994,61.5582160949707,-8.155563354492188,-17.149938583374023,-0.29932746291160583,0.7876539826393127,1.1848185062408447
0.7921755909919739,61.40903854370117,-8.38274097442627,-17.43895149230957,-0.2834807336330414,0.799335241317749,1.178810954093933
1.2679953575134277,62.83649826049805,-8.736278533935547,-17.199674606323242,-0.6558793187141418,0.4929512143135071,1.153445839881897
0.9439234733581543,63.52322006225586,-8.609919548034668,-17.797866821289062,-0.3891257047653198,0.20992980897426605,1.0389689207077026
0.8024635910987854,63.25059127807617,-7.6514692306518555,-18.422943115234375,-0.018487872555851936,0.2977064847946167,0.7716338634490967
0.5786997079849243,63.29174041748047,-8.010384559631348,-18.2239933013916,0.13117586076259613,0.3561130464076996,0.8574080467224121
0.702155590057373,63.43834686279297,-8.170350074768066,-18.084192276000977,0.13205623626708984,0.30805280804634094,1.0393027067184448
1.0056514739990234,63.67753982543945,-8.397527694702148,-17.928258895874023,-0.017607498914003372,0.2760126292705536,1.0483139753341675
1.172831416130066,64.31539916992188,-8.436511039733887,-17.88927459716797,-0.06602811813354492,0.23696368932724,0.9778923988342285
1.1573994159698486,64.41570281982422,-8.357200622558594,-17.940357208251953,-0.22097410261631012,0.1805596649646759,0.9348384737968445
0.9516394734382629,64.63175201416016,-8.177070617675781,-17.515573501586914,-0.3046097159385681,-0.007676288485527039,1.0219476222991943
0.7818875908851624,65.0689926147461,-8.144808769226074,-17.183544158935547,-0.421699583530426,-0.09511923044919968,0.9491897821426392
0.9464954733848572,64.58545684814453,-8.30477523803711,-16.964431762695312,-0.40233132243156433,0.13083066046237946,0.9672123789787292
0.9542114734649658,64.60346221923828,-8.081629753112793,-16.73590850830078,-0.06514774262905121,0.24597498774528503,0.9428485035896301
0.9259194731712341,64.66004180908203,-7.983499050140381,-16.56787872314453,0.01672712340950966,0.43120718002319336,0.959536075592041
0.9413514733314514,64.59832000732422,-8.341069221496582,-16.164602279663086,-0.1294151097536087,0.24764373898506165,0.9592023491859436
0.8847675323486328,65.15901184082031,-8.576313018798828,-16.163259506225586,-0.1813572347164154,0.22294612228870392,0.9625398516654968
1.0622354745864868,64.68833923339844,-8.255037307739258,-16.2331600189209,-0.2588302195072174,0.2830214202404022,0.8070115447044373
0.9259194731712341,65.30304718017578,-8.245627403259277,-16.282896041870117,-0.09420011192560196,0.36612558364868164,0.9315009117126465
0.9902194738388062,65.66055297851562,-8.202611923217773,-16.24660301208496,-0.06250661611557007,0.33208292722702026,0.9134783148765564
0.879623532295227,65.80973052978516,-8.685197830200195,-16.48184585571289,-0.0642673671245575,0.3611193299293518,0.907804548740387
1.0107954740524292,66.32926940917969,-8.275200843811035,-16.200897216796875,-0.040497247129678726,0.24764373898506165,0.8854432106018066
1.0390874147415161,65.1050033569336,-7.936450481414795,-15.690082550048828,-0.04137761890888214,0.202253520488739,0.925827145576477
1.2474193572998047,65.13843536376953,-7.987531661987305,-15.735787391662598,-0.15054410696029663,0.16654208302497864,0.9365072250366211
0.8616195321083069,65.4676513671875,-8.328970909118652,-15.622870445251465,-0.27467697858810425,0.200918510556221,0.912143349647522
0.7921755909919739,65.84059143066406,-8.44995403289795,-15.562378883361816,-0.3547910749912262,0.27100637555122375,0.8590767979621887
1.0210834741592407,66.16980743408203,-8.39215087890625,-16.1121768951416,-0.3539107143878937,0.40951329469680786,0.8357142210006714
1.0699514150619507,66.30612182617188,-8.330315589904785,-16.077226638793945,-0.23682084679603577,0.26733508706092834,0.8997945189476013
0.9259194731712341,66.41671752929688,-8.275200843811035,-16.077226638793945,-0.18487873673439026,0.2586575448513031,0.8807706832885742
0.9799314737319946,65.99748229980469,-7.870582103729248,-15.867524147033691,-0.1355777382850647,0.15519453585147858,0.884775698184967
1.0673794746398926,66.6019058227539,-7.936450481414795,-15.930703163146973,-0.07923374325037003,0.1591995507478714,0.9345046877861023
0.8204675316810608,66.31641387939453,-8.281922340393066,-15.655132293701172,-0.10740573704242706,0.21627108752727509,0.9688811302185059
0.992791473865509,67.0442886352539,-8.318217277526855,-15.762672424316406,-0.14350110292434692,0.32474038004875183,0.9298321604728699
0.9104875326156616,64.6934814453125,-7.952581405639648,-15.113399505615234,-0.19016097486019135,0.44689348340034485,0.9004620313644409
0.9130594730377197,66.43986511230469,-8.288643836975098,-15.864834785461426,-0.15846748650074005,0.2189411073923111,0.7542787790298462
0.838471531867981,66.58647155761719,-8.460707664489746,-15.692770957946777,-0.19280210137367249,0.11147306114435196,0.8831069469451904
1.0725233554840088,66.73050689697266,-8.279233932495117,-15.918604850769043,-0.21657222509384155,0.18623343110084534,0.8697568774223328
1.0082234144210815,66.7870864868164,-8.320905685424805,-15.820474624633789,-0.18223761022090912,0.1782234013080597,0.9088058471679688
1.1419674158096313,65.94861602783203,-7.917630672454834,-15.431986808776855,-0.2077684849500656,0.37179937958717346,0.8944544792175293
1.0468034744262695,66.74593353271484,-8.366610527038574,-15.743852615356445,-0.28171998262405396,0.24697624146938324,0.8811044096946716
1.0236554145812988,66.55303192138672,-8.273857116699219,-15.833917617797852,-0.21217034757137299,0.200918510556221,0.9218221306800842
0.9825034737586975,66.5298843383789,-8.276545524597168,-15.719655990600586,-0.23594047129154205,0.20458978414535522,0.8927857279777527
1.0210834741592407,66.57618713378906,-8.221431732177734,-15.704869270324707,-0.21657222509384155,0.20358853042125702,0.884775698184967
1.0082234144210815,66.54788970947266,-8.261758804321289,-15.734442710876465,-0.13293661177158356,0.24730999767780304,0.9294984340667725
1.0030794143676758,66.56075286865234,-8.265791893005371,-15.743852615356445,-0.11356836557388306,0.28602519631385803,0.9198196530342102
0.9773594737052917,66.5427474975586,-8.261758804321289,-15.751917839050293,-0.16639085114002228,0.2569887936115265,0.907804548740387
1.0416594743728638,66.49388122558594,-8.230840682983398,-15.751917839050293,-0.1875198483467102,0.26800259947776794,0.8727606534957886
0.9696434736251831,66.54531860351562,-8.307463645935059,-15.737131118774414,-0.18840022385120392,0.2559875249862671,0.879435658454895
1.0210834741592407,66.5298843383789,-8.20395565032959,-15.776114463806152,-0.13821886479854584,0.24764373898506165,0.8901157379150391
1.0313714742660522,66.5736083984375,-8.236218452453613,-15.750574111938477,-0.17871610820293427,0.2413024604320526,0.8750969171524048
1.0545194149017334,66.55303192138672,-8.2254638671875,-15.780147552490234,-0.19632360339164734,0.24330496788024902,0.8554055690765381
1.0005074739456177,66.58132934570312,-8.279233932495117,-15.741164207458496,-0.19720397889614105,0.23128990828990936,0.8747631311416626
0.9464954733848572,66.57618713378906,-8.330315589904785,-15.796278953552246,-0.2130507230758667,0.24230371415615082,0.9004620313644409
1.018511414527893,66.61219024658203,-8.30477523803711,-15.726377487182617,-0.21657222509384155,0.22361361980438232,0.8971245288848877
1.036515474319458,66.58904266357422,-8.244283676147461,-15.761327743530273,-0.17167310416698456,0.24764373898506165,0.8984594941139221
0.9850754737854004,66.55561065673828,-8.25907039642334,-15.683362007141113,-0.15846748650074005,0.22962115705013275,0.8954557776451111
1.1522554159164429,66.53246307373047,-8.121956825256348,-15.640345573425293,-0.11797023564577103,0.07609537988901138,0.7913252115249634
1.057091474533081,66.58904266357422,-8.281922340393066,-15.859457969665527,-0.083635613322258,0.26833635568618774,0.913144588470459
0.9953634738922119,66.42186737060547,-8.303430557250977,-15.753262519836426,-0.06954962015151978,0.2793501615524292,0.9304996728897095
0.8204675316810608,66.45272827148438,-8.324938774108887,-15.80837631225586,0.2465049773454666,0.05340026691555977,0.8303741812705994
1.0210834741592407,65.93575286865234,-8.318217277526855,-15.698148727416992,-0.22097410261631012,0.2643313407897949,0.8624143600463867
0.972215473651886,66.056640625,-8.393495559692383,-15.786869049072266,-0.24210309982299805,0.3611193299293518,0.843724250793457
1.0390874147415161,65.3647689819336,-8.298053741455078,-15.934736251831055,-0.24034234881401062,0.43087342381477356,0.8353804349899292
0.9567834734916687,65.87660217285156,-8.343757629394531,-15.925326347351074,-0.19896472990512848,0.24964626133441925,0.8704243898391724
0.9387794733047485,65.49079895019531,-8.198578834533691,-16.227783203125,-0.04842061921954155,0.2546525299549103,0.877433180809021
0.9310634732246399,64.83236694335938,-7.9593024253845215,-16.37027359008789,-0.04842061921954155,0.46691858768463135,0.7936614751815796
1.0133674144744873,64.08905792236328,-7.815467834472656,-16.5611572265625,-0.05282249301671982,0.6054255366325378,0.9074708223342896
1.0930993556976318,63.386905670166016,-7.898811340332031,-17.010135650634766,-0.0713103711605072,0.680519700050354,0.8737618923187256
1.0030794143676758,64.19451141357422,-8.316872596740723,-17.44432830810547,-0.28788259625434875,0.5927429795265198,0.884775698184967
1.0210834741592407,63.09369659423828,-8.078940391540527,-17.866422653198242,-0.16903197765350342,0.46458232402801514,0.8877794742584229
1.0930993556976318,63.31746292114258,-7.482093811035156,-18.268354415893555,0.0642673671245575,0.2636638283729553,0.8403867483139038
1.057091474533081,62.59987258911133,-7.203834056854248,-18.873266220092773,0.2447442263364792,0.48460742831230164,0.8006702661514282
1.134251356124878,61.88743209838867,-7.117802143096924,-19.4566707611084,0.21040959656238556,0.7576162815093994,0.7946627736091614
0.9233474731445312,61.434757232666016,-7.277768135070801,-19.763158798217773,-0.01936824806034565,0.5473527312278748,0.8323766589164734
0.9182034730911255,61.54792785644531,-7.728091716766357,-19.4459171295166,-0.3486284613609314,0.634128212928772,0.8550717830657959
1.1239633560180664,61.29587173461914,-7.390685081481934,-19.98899269104004,-0.14526185393333435,0.5196513533592224,0.9365072250366211
1.1008154153823853,60.87663650512695,-7.1299004554748535,-19.980928421020508,-0.06074586883187294,0.46491608023643494,0.7632901072502136
0.9825034737586975,60.542274475097656,-6.973967552185059,-20.19331932067871,0.12061136215925217,0.48994746804237366,0.6821884512901306
1.0545194149017334,60.69659423828125,-6.784428596496582,-20.0118465423584,0.2332993447780609,0.41151583194732666,0.7272449135780334
0.8899115324020386,60.51655578613281,-7.139310359954834,-20.018566131591797,0.25530871748924255,0.3197340965270996,0.8190265893936157
0.4886797368526459,60.25164031982422,-7.701206684112549,-20.232301712036133,0.18663948774337769,0.4185245931148529,0.7419300079345703
-0.35493579506874084,60.36223602294922,-8.264447212219238,-20.368072509765625,0.2253759801387787,0.6027555465698242,0.6795184016227722
-0.8513315320014954,59.968719482421875,-7.982154846191406,-20.752527236938477,0.12765435874462128,0.8096815943717957,0.5533602833747864
-0.4835357367992401,59.60349655151367,-7.283144950866699,-20.226924896240234,0.07307111471891403,0.5269938707351685,0.4345446825027466
-0.43466776609420776,59.4620361328125,-6.476595401763916,-20.12610626220703,0.13293661177158356,0.4402184784412384,0.40784454345703125
-0.4166637659072876,58.9090576171875,-6.494070529937744,-19.492965698242188,-0.03433462232351303,0.22661739587783813,0.48527494072914124
0.1543199121952057,58.7958869934082,-6.190269947052002,-19.685192108154297,0.0008803749224171042,0.3741356432437897,0.5697141289710999
-0.030863983556628227,58.20432662963867,-6.143221378326416,-19.740306854248047,0.08275523781776428,0.4539022743701935,0.589739203453064
0.295779824256897,57.96513366699219,-6.3220062255859375,-20.366727828979492,0.044899120926856995,0.46558359265327454,0.5209863781929016
0.023147987201809883,56.992916107177734,-6.557250022888184,-20.015878677368164,-0.06338699162006378,0.2763463854789734,0.4048407971858978
0.15946391224861145,56.329341888427734,-6.441644668579102,-19.628734588623047,-0.09772161394357681,-0.012348812073469162,0.3337516784667969
0.02057598903775215,56.434791564941406,-6.537086486816406,-19.573619842529297,-0.11797023564577103,-0.08911170065402985,0.25098127126693726
0.11831193417310715,55.979549407958984,-6.191614151000977,-20.049484252929688,-0.09331974387168884,0.039048947393894196,0.3631218373775482
0.3343598246574402,55.328834533691406,-6.011484622955322,-18.490154266357422,-0.005282249301671982,-0.30638402700424194,0.441887229681015
0.7407355904579163,54.415775299072266,-6.012828826904297,-18.249534606933594,0.06250661611557007,-0.28502392768859863,0.48961371183395386
1.064807415008545,54.487789154052734,-6.153975009918213,-17.299150466918945,0.22185447812080383,-0.40684330463409424,0.5884042382240295
1.2165553569793701,54.94303512573242,-6.089451313018799,-16.476469039916992,0.13205623626708984,-0.06474782526493073,0.5006275177001953
1.2911432981491089,54.053123474121094,-6.119024753570557,-16.026145935058594,0.14438147842884064,0.25031375885009766,0.49028122425079346
1.0082234144210815,53.68790054321289,-5.999386310577393,-15.825852394104004,-0.11532911658287048,0.30805280804634094,0.3771393895149231
0.8899115324020386,54.176578521728516,-6.320662021636963,-15.312348365783691,-0.44194820523262024,0.21226607263088226,0.4629135727882385
1.2577073574066162,54.636966705322266,-6.54111909866333,-15.466937065124512,-0.6100997924804688,0.2793501615524292,0.47292613983154297
0.8693355321884155,53.87822723388672,-6.828788757324219,-15.156415939331055,-0.5211819410324097,0.2196086049079895,0.6090968251228333
1.1085313558578491,54.48007583618164,-6.203712463378906,-15.562378883361816,-0.17343385517597198,0.18222841620445251,0.6648333668708801
0.4192357659339905,54.80929183959961,-6.701085090637207,-15.995227813720703,0.11532911658287048,-0.027367638424038887,0.6207781434059143
0.3472198247909546,55.25424575805664,-6.816690444946289,-16.38237190246582,-0.10476461052894592,-0.020692603662610054,0.5900729894638062
0.29835182428359985,55.58346176147461,-6.317973613739014,-16.374305725097656,-0.07923374325037003,-0.07342536747455597,0.38548317551612854
0.1928998976945877,55.61175537109375,-6.356956958770752,-16.492599487304688,-0.05986549332737923,-0.03537767753005028,0.3130590617656708
0.4578157365322113,55.95383071899414,-6.484660625457764,-15.889031410217285,0.07395149022340775,-0.10446427762508392,0.5533602833747864
0.563267707824707,56.29590606689453,-6.519611358642578,-15.688738822937012,0.01672712340950966,-0.19390971958637238,0.6074280738830566
0.5992756485939026,56.83602523803711,-6.823411464691162,-15.876933097839355,-0.2068881094455719,-0.06675033271312714,0.513977587223053
0.7381635904312134,57.111228942871094,-6.699740409851074,-15.768049240112305,-0.2332993447780609,-0.1808934062719345,0.5259926319122314
0.5298317074775696,57.574188232421875,-6.916164875030518,-15.331168174743652,-0.4586753249168396,-0.08510667830705643,0.47225862741470337
0.5478357076644897,57.242401123046875,-6.932295799255371,-15.476346969604492,-0.5106174349784851,-0.01802259124815464,0.47125735878944397
0.8256115317344666,57.06236267089844,-6.369055271148682,-14.910417556762695,-0.30637046694755554,-0.11113931238651276,0.6121006011962891
0.38322779536247253,56.91832733154297,-7.2387847900390625,-14.937302589416504,-0.10652536153793335,0.08811043947935104,0.686860978603363
0.3600797951221466,57.931697845458984,-7.619207382202148,-14.878155708312988,-0.10828611254692078,0.025365127250552177,0.5390089750289917
0.7227315902709961,58.89105224609375,-7.421602725982666,-15.047531127929688,-0.0290523711591959,-0.09144795686006546,0.5116413235664368
0.7793155908584595,58.975929260253906,-7.086884498596191,-15.220939636230469,-0.014966373331844807,-0.09311671555042267,0.4992925226688385
0.9593554735183716,58.957923889160156,-6.683609485626221,-15.259922981262207,-0.1487833559513092,-0.07209036499261856,0.4412197172641754
0.5298317074775696,59.07880783081055,-6.998164176940918,-14.712813377380371,-0.2658732235431671,-0.20559103786945343,0.4605773091316223
0.22376388311386108,58.492393493652344,-7.26835823059082,-14.36330795288086,-0.33190134167671204,-0.11447682231664658,0.5169813632965088
0.5812717080116272,59.31028747558594,-7.295243263244629,-14.179145812988281,-0.19192172586917877,-0.16821084916591644,0.5570315718650818
0.6892956495285034,58.33035659790039,-6.8798699378967285,-14.02724552154541,-0.17959648370742798,-0.1208181083202362,0.5226551294326782
0.542691707611084,58.43323516845703,-7.175604820251465,-14.078327178955078,-0.2597106099128723,-0.13149815797805786,0.5183163285255432
0.5606957077980042,59.426029205322266,-7.295243263244629,-14.11865520477295,-0.2579498589038849,-0.16253706812858582,0.5166475772857666
0.5375477075576782,59.18940353393555,-7.304653167724609,-14.266522407531738,-0.26235172152519226,-0.11113931238651276,0.5046325325965881
0.5375477075576782,59.23569869995117,-7.2065229415893555,-14.352554321289062,-0.21481147408485413,-0.11080555617809296,0.5513577461242676
0.5555517077445984,59.25113296508789,-7.201145648956299,-14.3915376663208,-0.2253759801387787,-0.029370147734880447,0.5279951691627502
0.5452637076377869,59.44145965576172,-7.305997371673584,-14.300128936767578,-0.20600773394107819,-0.12348812073469162,0.5697141289710999
0.5478357076644897,59.184261322021484,-7.236096382141113,-14.009770393371582,-0.21833297610282898,-0.16687583923339844,0.5633728504180908
0.5246877074241638,59.21769714355469,-7.236096382141113,-14.144195556640625,-0.19104135036468506,-0.1395082026720047,0.5770566463470459
0.586415708065033,59.22026824951172,-7.11376953125,-14.271899223327637,-0.22097410261631012,-0.1411769539117813,0.5460177659988403
0.5761277079582214,59.26142120361328,-7.179637908935547,-14.250391006469727,-0.1875198483467102,-0.18656718730926514,0.555029034614563
0.5478357076644897,59.37458801269531,-7.244161605834961,-14.300128936767578,-0.23594047129154205,-0.16420581936836243,0.5143113136291504
0.5992756485939026,59.33858108520508,-7.124523639678955,-14.345832824707031,-0.2385815978050232,-0.16654208302497864,0.40617579221725464
0.7535955905914307,59.33600616455078,-7.089572906494141,-14.201998710632324,-0.21481147408485413,-0.19023846089839935,0.42686840891838074
0.6224236488342285,59.1636848449707,-7.175604820251465,-14.293407440185547,-0.16551047563552856,-0.09511923044919968,0.5740528702735901
0.5041117072105408,59.18168640136719,-7.244161605834961,-14.208719253540039,-0.2456246018409729,-0.1385069489479065,0.5083038210868835
0.37036779522895813,58.466670989990234,-7.20786714553833,-13.808133125305176,-0.24210309982299805,0.07642913609743118,0.5363389253616333
0.5992756485939026,59.09166717529297,-7.037147521972656,-14.128064155578613,-0.2456246018409729,-0.09645423293113708,0.48794496059417725
0.40894776582717896,57.77994918823242,-6.827444553375244,-14.028590202331543,-0.1619889885187149,0.0023362617939710617,0.4816036820411682
0.3317878246307373,58.24033737182617,-7.305997371673584,-14.042032241821289,-0.10916648805141449,-0.01401757076382637,0.5376739501953125
0.3755117952823639,58.31235122680664,-7.335570812225342,-14.36330795288086,-0.167271226644516,-0.06274531781673431,0.47392737865448
0.7124435901641846,58.098876953125,-7.081507682800293,-15.116087913513184,-0.012325248681008816,0.058740295469760895,0.4539022743701935
0.6918676495552063,57.473880767822266,-6.8731489181518555,-15.401068687438965,-0.022889748215675354,0.05206526070833206,0.4582410454750061
0.6224236488342285,57.005775451660156,-6.632528305053711,-15.957588195800781,0.15406560897827148,-0.09411797672510147,0.47092363238334656
0.6610036492347717,56.553104400634766,-6.664790153503418,-16.06916046142578,0.17167310416698456,0.01101380493491888,0.47092363238334656
0.4989677369594574,56.03099060058594,-6.840887069702148,-16.92679214477539,0.04313836991786957,0.27200761437416077,0.4345446825027466
0.8641915321350098,55.215667724609375,-6.5142340660095215,-17.100200653076172,0.15934786200523376,0.34877049922943115,0.4769311547279358
0.5272597074508667,54.98418426513672,-6.904066562652588,-17.30855941772461,-0.028171997517347336,0.2746776342391968,0.4422209858894348
0.5992756485939026,55.27225112915039,-6.702429294586182,-17.7790470123291,-0.03433462232351303,0.04806024208664894,0.44489097595214844
0.612135648727417,54.55466079711914,-6.650003433227539,-18.01832389831543,-0.02641124650835991,0.19390971958637238,0.4745948910713196
0.5812717080116272,54.99190139770508,-6.640593528747559,-18.097633361816406,-0.02465049736201763,0.07242411375045776,0.435545951128006
0.5941316485404968,54.35661697387695,-6.284367561340332,-18.27776336669922,-0.027291622012853622,0.14284572005271912,0.44989725947380066
0.5375477075576782,54.23573303222656,-6.371743679046631,-18.385303497314453,0.06690849363803864,0.1802259087562561,0.5373402237892151
0.45009976625442505,53.65446090698242,-6.475250720977783,-18.035799026489258,0.0387364961206913,0.14685073494911194,0.5543615221977234
0.5967036485671997,53.52843475341797,-6.213122367858887,-17.89599609375,-0.10564498603343964,0.045056477189064026,0.3160628378391266
0.5838437080383301,53.5670166015625,-6.160696506500244,-17.934980392456055,-0.21217034757137299,0.10146050900220871,0.2736763656139374
0.7175875902175903,53.95795822143555,-6.110959053039551,-17.862390518188477,-0.2262563556432724,-0.024363871663808823,0.33041417598724365
0.46295973658561707,54.47492980957031,-6.619085788726807,-17.752161026000977,-0.09155899286270142,0.09378422051668167,0.5456839799880981
0.4423837661743164,55.400848388671875,-6.740067958831787,-18.03848648071289,0.11180761456489563,0.16320456564426422,0.5176488757133484
0.8281835317611694,55.925537109375,-6.490037441253662,-17.937667846679688,0.08891786634922028,0.2643313407897949,0.4982912540435791
1.085383415222168,56.82573699951172,-6.772330284118652,-17.348886489868164,0.03433462232351303,0.19324222207069397,0.5476865172386169
1.6589391231536865,57.443016052246094,-6.848952293395996,-16.852859497070312,-0.13293661177158356,0.27200761437416077,0.4836061894893646
1.6615110635757446,58.847328186035156,-7.416225910186768,-17.16741371154785,-0.22449560463428497,0.5930767059326172,0.5320001840591431
1.7798230648040771,58.56183624267578,-7.971400737762451,-17.116331100463867,-0.4199388325214386,0.7896564602851868,0.6558220386505127
1.805543065071106,59.490325927734375,-8.327627182006836,-17.273609161376953,-0.4956510663032532,0.6821884512901306,0.826702892780304
2.8137664794921875,59.89670181274414,-8.58975601196289,-17.045085906982422,-0.677008330821991,0.6851921677589417,1.1274131536483765
2.3405187129974365,62.016029357910156,-9.43797779083252,-18.892086029052734,-0.4084939658641815,0.4972900152206421,0.9805624485015869
1.4608951807022095,63.94245529174805,-10.66124439239502,-20.651708602905273,-0.13821886479854584,0.9191521406173706,1.134088158607483
2.5694265365600586,64.64718627929688,-9.6705322265625,-20.170467376708984,-0.03961687162518501,0.5780578851699829,0.8887807130813599
2.767470598220825,65.31847381591797,-9.774040222167969,-20.647676467895508,-0.003521499689668417,0.5400102138519287,1.2175260782241821
2.4022467136383057,66.50931549072266,-10.122200012207031,-19.94597816467285,-0.07219073921442032,0.3417617082595825,1.4204471111297607
2.553994655609131,66.51702880859375,-10.372230529785156,-19.134050369262695,-0.2068881094455719,0.4435559809207916,1.3012977838516235
2.134758949279785,67.02371215820312,-10.408525466918945,-19.467424392700195,-0.17871610820293427,0.5583665370941162,1.303967833518982
1.7746790647506714,67.84160614013672,-10.778194427490234,-19.601848602294922,-0.3750396966934204,1.0496490001678467,1.1631245613098145
1.6435071229934692,68.13224029541016,-9.811678886413574,-19.361228942871094,-0.06690849363803864,0.8727606534957886,1.2442262172698975
1.836406946182251,69.11217498779297,-9.877547264099121,-18.812774658203125,-0.032573871314525604,0.6871947050094604,1.3643769025802612
1.8878469467163086,70.58335876464844,-10.330558776855469,-20.076370239257812,-0.06514774262905121,1.00692880153656,1.4070971012115479
1.5329111814498901,71.1852035522461,-10.784915924072266,-20.725643157958984,-0.18663948774337769,1.1397619247436523,1.4424747228622437
2.109038829803467,72.4609146118164,-9.946104049682617,-21.201507568359375,0.10564498603343964,1.2402212619781494,1.4731799364089966
2.268502712249756,72.69754028320312,-9.736400604248047,-21.497241973876953,0.012325248681008816,1.3286653757095337,1.3413480520248413
1.8003990650177002,73.76234436035156,-9.799580574035645,-21.58327293395996,0.011444874107837677,0.7435987591743469,1.5382615327835083
1.1008154153823853,74.35905456542969,-9.905776023864746,-21.747272491455078,-0.10300386697053909,0.8357142210006714,1.2652525901794434
1.9392869472503662,73.73662567138672,-8.941948890686035,-21.665273666381836,-0.12061136215925217,1.1043843030929565,1.176808476448059
1.5303391218185425,73.95781707763672,-9.099225997924805,-21.598060607910156,-0.17783573269844055,1.2555738687515259,1.412437081336975
0.8281835317611694,74.84516143798828,-9.838563919067383,-21.54429054260254,-0.3812023401260376,0.9421809911727905,1.4458122253417969
0.9670714735984802,73.59259796142578,-9.459485054016113,-21.09531021118164,-0.421699583530426,0.9381759762763977,1.3657119274139404
1.2474193572998047,73.65432739257812,-8.820966720581055,-20.95954132080078,-0.2262563556432724,1.0566577911376953,1.4357997179031372
1.3065752983093262,74.7808609008789,-9.23499584197998,-21.17999839782715,0.007923373952507973,1.0549890995025635,1.7174861431121826
1.6049271821975708,75.14350891113281,-9.202733993530273,-21.214948654174805,-0.20424698293209076,0.7612875699996948,1.1884896755218506
1.4634672403335571,74.96347045898438,-9.409748077392578,-21.177310943603516,-0.19016097486019135,0.8403867483139038,1.2398874759674072
1.6537951231002808,74.25360107421875,-8.995718955993652,-21.271408081054688,0.06954962015151978,0.9284971952438354,1.3006303310394287
1.1651153564453125,74.32818603515625,-9.294142723083496,-21.516061782836914,-0.04930099472403526,1.2318774461746216,1.1724696159362793
1.105959415435791,74.98404693603516,-9.647680282592773,-21.354751586914062,-0.167271226644516,1.0800204277038574,1.3246604204177856
1.4583232402801514,74.86573791503906,-9.374797821044922,-21.555044174194336,-0.1945628523826599,1.0206125974655151,1.251235008239746
1.3374392986297607,74.53395080566406,-9.552238464355469,-20.615413665771484,-0.295805960893631,0.8233653903007507,1.3526955842971802
1.2808552980422974,74.24073791503906,-9.885612487792969,-20.732362747192383,-0.6215446591377258,1.285945177078247,1.3697168827056885
1.7952550649642944,74.54937744140625,-8.419035911560059,-21.283506393432617,-0.27467697858810425,0.9912424683570862,1.0536540746688843
1.2911432981491089,75.49844360351562,-9.42587947845459,-21.275440216064453,-0.2535479664802551,0.7095560431480408,1.3960832357406616
1.610071063041687,74.66512298583984,-8.877425193786621,-21.16924476623535,-0.22097410261631012,0.8397192358970642,1.3590368032455444
2.345662832260132,73.84979248046875,-8.316872596740723,-21.534879684448242,-0.054583244025707245,1.200838565826416,1.1294156312942505
1.610071063041687,75.30812072753906,-9.784793853759766,-20.522661209106445,-0.1681516021490097,0.5390089750289917,1.777895212173462
1.5560591220855713,74.99691009521484,-8.806180000305176,-20.72967529296875,-0.12501323223114014,0.8096815943717957,1.1514432430267334
1.4634672403335571,76.28290557861328,-9.200045585632324,-21.120851516723633,-0.2641124725341797,0.790991485118866,1.215189814567566
1.8415509462356567,75.7016372680664,-8.850540161132812,-20.541479110717773,-0.2966863512992859,0.5390089750289917,1.2969590425491333
1.512335181236267,74.75514221191406,-9.159717559814453,-20.171812057495117,-0.45603421330451965,0.48761120438575745,1.3343392610549927
1.0236554145812988,75.3338394165039,-9.5589599609375,-19.876075744628906,-0.24826572835445404,0.5513577461242676,1.4004220962524414
1.468611240386963,75.79679870605469,-9.384207725524902,-19.635456085205078,-0.25706946849823,0.790991485118866,1.2031748294830322
2.0010149478912354,76.09000396728516,-8.810213088989258,-19.81020736694336,-0.06338699162006378,0.7479375004768372,1.188156008720398
1.6332191228866577,76.05914306640625,-9.502501487731934,-19.592439651489258,-0.06778886914253235,0.5917417407035828,1.4117696285247803
1.8158310651779175,76.94390869140625,-9.447386741638184,-19.40827751159668,-0.10036274045705795,0.5713828802108765,1.3466880321502686
1.648651123046875,76.06942749023438,-9.575090408325195,-19.413654327392578,-0.21569184958934784,0.7869864702224731,1.260580062866211
1.8518389463424683,77.01078033447266,-9.489058494567871,-19.424407958984375,-0.28171998262405396,0.8500655293464661,1.2288737297058105
1.6563670635223389,76.83845520019531,-9.681286811828613,-19.23621368408203,-0.4137762188911438,0.7936614751815796,1.366045594215393
1.759247064590454,77.20368194580078,-9.454108238220215,-18.979461669921875,-0.39000609517097473,0.7359224557876587,1.30797278881073
1.4557511806488037,76.89247131347656,-9.66784381866455,-19.045330047607422,-0.40321171283721924,0.7863189578056335,1.2846101522445679
1.352871298789978,77.1162338256836,-9.70413875579834,-18.823528289794922,-0.344226598739624,0.6908659934997559,1.282941460609436
1.3708752393722534,76.74329376220703,-9.446043014526367,-18.968708038330078,-0.12677398324012756,0.7052173018455505,1.1851521730422974
1.6795151233673096,77.8389663696289,-9.3895845413208,-19.2241153717041,0.03697574511170387,0.6851921677589417,1.2992953062057495
1.5972111225128174,77.8029556274414,-9.623483657836914,-19.128673553466797,-0.04665987193584442,0.7078872919082642,1.340680480003357
1.6332191228866577,77.89554595947266,-9.796892166137695,-19.127328872680664,-0.22361522912979126,0.6681708693504333,1.2652525901794434
1.7438150644302368,77.5946273803711,-9.264569282531738,-18.75362777709961,-0.16639085114002228,0.6451420187950134,1.2972928285598755
1.6049271821975708,77.08279418945312,-9.480993270874023,-18.84638023376465,-0.167271226644516,0.7873201966285706,1.2759326696395874
1.6409350633621216,77.38114929199219,-9.607353210449219,-18.788578033447266,-0.2720358371734619,0.8604118227958679,1.3203216791152954
1.5663471221923828,77.4480209350586,-9.88964557647705,-18.792612075805664,-0.3230975866317749,0.7709663510322571,1.3797293901443481
1.7129510641098022,77.40686798095703,-9.649024963378906,-18.935102462768555,-0.3547910749912262,0.8243666291236877,1.2645851373672485
1.5071911811828613,77.45831298828125,-9.019915580749512,-18.451171875,-0.15230485796928406,0.38781943917274475,1.2729289531707764
1.4840432405471802,77.48917388916016,-9.599287033081055,-18.84503746032715,-0.33190134167671204,0.7289136648178101,1.3109766244888306
1.6229311227798462,77.5946273803711,-9.499813079833984,-18.95123291015625,-0.2790788412094116,0.7252423763275146,1.2989615201950073
1.5560591220855713,77.29627227783203,-9.365387916564941,-18.584253311157227,-0.15142448246479034,0.758283793926239,1.4164421558380127
1.6923750638961792,77.3734359741211,-9.34925651550293,-18.826217651367188,-0.15318523347377777,0.7058848142623901,1.2812726497650146
1.6332191228866577,77.37086486816406,-9.419157981872559,-18.873266220092773,-0.12501323223114014,0.7566150426864624,1.3199878931045532
1.6255030632019043,77.38114929199219,-9.373453140258789,-18.750940322875977,-0.23506009578704834,0.7375912070274353,1.2562413215637207
1.836406946182251,77.4120101928711,-9.093849182128906,-18.793954849243164,-0.18399836122989655,0.6628308296203613,1.2448937892913818
1.540627121925354,77.45573425292969,-9.56164836883545,-18.904184341430664,-0.24914610385894775,0.6758471727371216,1.2252024412155151
1.491759181022644,77.47631072998047,-9.581811904907227,-18.955265045166016,-0.21833297610282898,0.7425974607467651,1.3226579427719116
1.5483431816101074,77.37086486816406,-9.409748077392578,-18.69717025756836,-0.16903197765350342,0.758283793926239,1.3289991617202759
1.6357910633087158,77.46859741210938,-9.428567886352539,-18.82084083557129,-0.27467697858810425,0.6745121479034424,1.2689238786697388
1.6717990636825562,77.45316314697266,-9.429911613464355,-18.858478546142578,-0.24826572835445404,0.7135611176490784,1.2699251174926758
1.5509151220321655,77.45831298828125,-9.421846389770508,-18.82890510559082,-0.20864886045455933,0.7065523266792297,1.295624017715454
1.607499122619629,77.43773651123047,-9.403026580810547,-18.807397842407227,-0.21833297610282898,0.7335861921310425,1.2759326696395874
1.607499122619629,77.42487335205078,-9.393616676330566,-18.824872970581055,-0.19720397889614105,0.7309162020683289,1.2999627590179443
1.5637751817703247,77.42487335205078,-9.439321517944336,-18.780513763427734,-0.2068881094455719,0.708888590335846,1.2879477739334106
1.6049271821975708,77.37600708007812,-9.38017463684082,-18.800676345825195,-0.22361522912979126,0.7385924458503723,1.2786027193069458
1.6563670635223389,77.44544982910156,-9.397649765014648,-18.793954849243164,-0.2517872154712677,0.7209036350250244,1.2816064357757568
1.5972111225128174,77.42744445800781,-9.398994445800781,-18.81680679321289,-0.22449560463428497,0.7402611970901489,1.314647912979126
1.5869231224060059,77.46088409423828,-9.428567886352539,-18.814119338989258,-0.18223761022090912,0.7105573415756226,1.330000400543213
1.5920671224594116,77.44287872314453,-9.3949613571167,-18.814119338989258,-0.1936824768781662,0.7145623564720154,1.2846101522445679
1.6923750638961792,77.3245620727539,-9.337158203125,-18.898807525634766,-0.2456246018409729,0.7632901072502136,1.1310844421386719
1.6949471235275269,78.10131072998047,-9.693385124206543,-19.261754989624023,-0.22097410261631012,0.6881959438323975,1.2602463960647583
1.746387004852295,77.46345520019531,-9.429911613464355,-18.972740173339844,-0.15934786200523376,0.6851921677589417,1.2792701721191406
1.718095064163208,77.3245620727539,-9.407059669494629,-18.80470848083496,-0.14526185393333435,0.7145623564720154,1.3563668727874756
1.4814711809158325,77.20111083984375,-9.198700904846191,-18.46999168395996,-0.38472384214401245,0.8060103058815002,1.3006303310394287
1.5483431816101074,76.64298248291016,-9.376141548156738,-18.61785888671875,-0.33806395530700684,0.9048007726669312,1.2318774461746216
1.3477272987365723,75.86624145507812,-9.443354606628418,-18.646087646484375,-0.37327897548675537,0.9982512593269348,1.2221986055374146
1.5740631818771362,76.22889709472656,-9.365387916564941,-19.16093635559082,-0.2192133516073227,0.8260353803634644,1.2315436601638794
1.6435071229934692,75.2592544555664,-9.198700904846191,-19.431129455566406,-0.035214997828006744,0.8016715049743652,1.2542388439178467
1.520051121711731,75.75564575195312,-8.959424018859863,-19.53866958618164,-0.002641124650835991,0.9815636873245239,1.3006303310394287
1.7360990047454834,74.79371643066406,-8.745688438415527,-20.232301712036133,-0.05986549332737923,0.9698823690414429,1.2675888538360596
1.4634672403335571,74.06327056884766,-9.263224601745605,-20.357316970825195,-0.2641124725341797,1.2041760683059692,1.410434603691101
1.6640831232070923,74.10185241699219,-9.103259086608887,-20.677249908447266,-0.1875198483467102,1.168130874633789,1.2098498344421387
1.468611240386963,73.6028823852539,-8.874736785888672,-21.16924476623535,-0.15846748650074005,1.0803542137145996,1.1260781288146973
1.689803123474121,72.5715103149414,-8.328970909118652,-22.024187088012695,0.11092723906040192,1.0549890995025635,1.1077218055725098
1.4274592399597168,74.09156036376953,-8.69460678100586,-22.665393829345703,0.08891786634922028,0.9471872448921204,1.2485650777816772
1.0056514739990234,73.38683319091797,-8.767196655273438,-22.857622146606445,-0.014966373331844807,0.9094732999801636,1.1130619049072266
1.0339434146881104,72.22171783447266,-8.441887855529785,-22.533658981323242,-0.1355777382850647,1.0663366317749023,1.0746804475784302
1.5020471811294556,71.81534576416016,-7.8181562423706055,-22.376380920410156,0.0713103711605072,1.0593278408050537,1.1978347301483154
1.1985512971878052,71.48355865478516,-8.233530044555664,-22.28631591796875,-0.01936824806034565,1.2896164655685425,1.4594961404800415
1.3374392986297607,71.56843566894531,-8.136743545532227,-22.216415405273438,-0.22977785766124725,0.9732198715209961,0.8357142210006714
0.6712916493415833,71.01030731201172,-8.3894624710083,-21.966384887695312,-0.10828611254692078,1.0119351148605347,1.0159400701522827
0.48096373677253723,70.77111053466797,-8.21605396270752,-22.13844871520996,0.09243936836719513,1.0686728954315186,0.9425147175788879
0.28291985392570496,70.79425811767578,-8.436511039733887,-22.48392105102539,0.15142448246479034,1.0756816864013672,0.9685473442077637
-0.7047275900840759,70.69395446777344,-8.60454273223877,-22.598182678222656,0.23682084679603577,1.0770167112350464,0.867754340171814
-0.6815796494483948,70.42646789550781,-8.467429161071777,-22.862998962402344,0.013205623254179955,1.0913679599761963,0.630790650844574
-1.7798230648040771,70.08438873291016,-8.593788146972656,-22.751426696777344,-0.020248623564839363,1.1017142534255981,0.5109738111495972
-0.5041117072105408,69.33850860595703,-7.888057231903076,-23.01490020751953,0.05106174573302269,1.2175260782241821,0.4011695086956024
-1.4634672403335571,69.1944808959961,-8.241595268249512,-23.40338706970215,-0.03433462232351303,1.2338799238204956,0.5560302734375
-1.087955355644226,68.64407348632812,-8.371987342834473,-24.098363876342773,-0.13029548525810242,1.1571171283721924,0.5750541687011719
-1.352871298789978,69.18418884277344,-8.636804580688477,-23.633255004882812,-0.30813121795654297,0.953194797039032,0.4198596179485321
-1.4608951807022095,68.8138198852539,-8.420380592346191,-23.727352142333984,-0.10564498603343964,0.9682136178016663,0.5413452386856079
-0.28549185395240784,68.11166381835938,-7.9377946853637695,-23.15066909790039,-0.12589360773563385,0.7986677885055542,0.4809361696243286
-0.8744795322418213,67.3400650024414,-7.804713726043701,-22.435527801513672,0.10740573704242706,0.838384211063385,0.42853716015815735
-1.4660391807556152,65.60653686523438,-7.957958221435547,-22.467790603637695,0.1417403668165207,1.0466452836990356,0.31005531549453735
-0.26748785376548767,66.00777435302734,-7.715993404388428,-22.166677474975586,0.3116527199745178,0.8317092061042786,0.23128990828990936
-0.6455716490745544,66.47587585449219,-7.464618682861328,-22.53231430053711,0.44899120926856995,0.8340454697608948,0.013683819212019444
-0.2494838684797287,65.80973052978516,-7.539896488189697,-22.3468074798584,0.31869572401046753,0.8280379176139832,-0.0790991485118866
0.061727967113256454,64.8478012084961,-7.5210771560668945,-22.092744827270508,0.3028489649295807,0.8657518625259399,0.008010040037333965
0.08744794875383377,65.14100646972656,-7.952581405639648,-21.815828323364258,0.1479029804468155,0.6174405813217163,0.10479802638292313
0.6352836489677429,64.71920013427734,-7.945859909057617,-21.893795013427734,-0.13029548525810242,0.5206525921821594,0.0790991485118866
0.8847675323486328,64.5031509399414,-7.968712329864502,-21.63166618347168,-0.09155899286270142,0.42553338408470154,0.037046436220407486
1.195979356765747,64.04276275634766,-7.971400737762451,-21.512027740478516,-0.3609537184238434,0.5353376865386963,0.038715194910764694
0.9490674734115601,63.63896179199219,-8.333003997802734,-21.13832664489746,-0.39792945981025696,0.42586714029312134,0.1194830983877182
1.2216993570327759,63.11170196533203,-8.054744720458984,-20.497119903564453,-0.32661908864974976,0.5366727113723755,0.20592477917671204
1.0493754148483276,62.7413330078125,-7.914942264556885,-19.697290420532227,-0.3424658477306366,0.5106400847434998,0.27801513671875
0.23919586837291718,62.605018615722656,-7.869237899780273,-19.30880355834961,-0.11708986014127731,0.5029637813568115,0.3147278428077698
-0.0694439634680748,62.8184928894043,-8.221431732177734,-19.273853302001953,0.023770121857523918,0.6194431185722351,0.28469017148017883
0.06429996341466904,62.808204650878906,-7.807402610778809,-19.756437301635742,0.17167310416698456,0.7112248539924622,0.09011295437812805
0.5452637076377869,63.30974578857422,-7.582912921905518,-19.752405166625977,0.1479029804468155,0.41118207573890686,-0.07309161871671677
0.32664382457733154,63.052547454833984,-7.502257823944092,-19.773914337158203,0.09948236495256424,0.3551117777824402,-0.01969134993851185
0.31378382444381714,62.63588333129883,-7.513011932373047,-19.640832901000977,0.10476461052894592,0.2753451466560364,0.13383442163467407
0.34207582473754883,63.19143295288086,-7.710616588592529,-19.64352035522461,0.06514774262905121,0.399167001247406,0.17121461033821106
0.13631592690944672,64.1482162475586,-8.105825424194336,-19.46339225769043,-0.04137761890888214,0.3631218373775482,0.13383442163467407
0.13374392688274384,64.58802795410156,-8.296709060668945,-19.388113021850586,-0.14085999131202698,0.2750113904476166,0.1001255065202713
0.18518389761447906,64.83236694335938,-8.390807151794434,-19.05608367919922,-0.22185447812080383,0.23128990828990936,0.054735276848077774
0.24176786839962006,64.77835845947266,-8.077596664428711,-18.730775833129883,-0.19896472990512848,0.12248686701059341,0.031038906425237656
0.4269517660140991,65.60911560058594,-7.605764865875244,-18.428319931030273,-0.06690849363803864,0.0397164486348629,0.08343791961669922
0.0411519780755043,65.69398498535156,-7.779173374176025,-18.238780975341797,-0.06778886914253235,0.15486077964305878,0.06508157402276993
0.4140917658805847,66.55046081542969,-7.4888153076171875,-17.836849212646484,-0.16903197765350342,0.3400929570198059,0.01602008007466793
0.4038037657737732,66.79222869873047,-7.685075759887695,-17.925569534301758,-0.19192172586917877,0.3728006184101105,-0.01401757076382637
0.5478357076644897,66.14408874511719,-7.603076457977295,-17.335445404052734,-0.30020785331726074,0.27300888299942017,0.02369636856019497
0.4449557662010193,66.63276672363281,-8.314184188842773,-17.55455780029297,-0.31429383158683777,0.28902894258499146,0.10846929252147675
0.2366238683462143,66.79737854003906,-8.76854133605957,-17.527671813964844,-0.19192172586917877,0.2776814103126526,0.22795239090919495
0.32407182455062866,67.52782440185547,-8.92313003540039,-17.675539016723633,-0.17783573269844055,0.20458978414535522,0.12816064059734344
0.20061589777469635,67.63842010498047,-8.993030548095703,-17.213117599487305,-0.24122272431850433,0.07609537988901138,0.09378422051668167
0.38322779536247253,67.98307037353516,-8.663689613342285,-17.174135208129883,-0.21040959656238556,0.17288337647914886,0.06307906657457352
0.35493579506874084,67.6847152709961,-8.61395263671875,-17.043743133544922,-0.1998451054096222,0.16520708799362183,0.09211546182632446
0.3317878246307373,67.8930435180664,-8.665033340454102,-17.100200653076172,-0.19896472990512848,0.12348812073469162,0.12782689929008484
0.3034958243370056,68.12452697753906,-8.638148307800293,-17.031644821166992,-0.16991235315799713,0.18923720717430115,0.13650444149971008
0.13117192685604095,67.7078628540039,-8.698639869689941,-16.976530075073242,-0.1611086130142212,0.24630874395370483,0.22327987849712372
0.3857997953891754,67.5226821899414,-8.326282501220703,-16.805810928344727,-0.2385815978050232,0.19557848572731018,0.08610793203115463
0.33950382471084595,67.84417724609375,-8.519854545593262,-16.6781063079834,-0.2597106099128723,0.13083066046237946,0.07709664106369019
0.295779824256897,67.89562225341797,-8.671754837036133,-16.823286056518555,-0.2139310985803604,0.20859479904174805,0.13149815797805786
0.3292158246040344,67.8930435180664,-8.636804580688477,-16.75338363647461,-0.22801710665225983,0.16387207806110382,0.11280806362628937
0.31635582447052,67.88018798828125,-8.623361587524414,-16.854202270507812,-0.1998451054096222,0.20392227172851562,0.15018825232982635
0.372939795255661,67.88018798828125,-8.587067604064941,-16.941579818725586,-0.2332993447780609,0.20892855525016785,0.10479802638292313
0.26748785376548767,67.89047241210938,-8.636804580688477,-16.799089431762695,-0.23770122230052948,0.17388463020324707,0.1378394365310669
0.2494838684797287,67.898193359375,-8.706705093383789,-16.805810928344727,-0.24738535284996033,0.1598670482635498,0.1595333069562912
0.3600797951221466,68.157958984375,-8.693263053894043,-16.95636558532715,-0.2702750861644745,0.19491097331047058,0.1415107101202011
0.29835182428359985,67.99592590332031,-8.622017860412598,-16.881088256835938,-0.22977785766124725,0.1568632870912552,0.1595333069562912
0.3317878246307373,67.88275909423828,-8.56152629852295,-16.936203002929688,-0.17255347967147827,0.2392999529838562,0.1375056952238083
0.31635582447052,67.91361999511719,-8.591099739074707,-16.8891544342041,-0.19808435440063477,0.1972472369670868,0.12148561328649521
0.3189278244972229,67.9804916381836,-8.651591300964355,-16.86361312866211,-0.2253759801387787,0.19257472455501556,0.15452702343463898
0.3189278244972229,67.98564147949219,-8.579001426696777,-16.786991119384766,-0.2315385937690735,0.15552827715873718,0.14217820763587952
0.32664382457733154,67.76445007324219,-8.533297538757324,-16.842103958129883,-0.2200937271118164,0.200918510556221,0.15419328212738037
0.3086398243904114,67.87247467041016,-8.507756233215332,-16.8904972076416,-0.19544322788715363,0.22428113222122192,0.15219075977802277
0.2494838684797287,67.92648315429688,-8.550772666931152,-16.877056121826172,-0.2262563556432724,0.1985822468996048,0.04605773091316223
0.27263185381889343,67.93162536621094,-8.464740753173828,-16.87571144104004,-0.29316484928131104,0.2189411073923111,0.04572397843003273
0.25977185368537903,67.94448852539062,-8.695951461791992,-16.761449813842773,-0.26235172152519226,0.19424347579479218,0.14918699860572815
0.3600797951221466,67.86732482910156,-8.648902893066406,-16.886465072631836,-0.1945628523826599,0.22895364463329315,0.1371719390153885
0.3060678243637085,67.40950775146484,-8.574969291687012,-16.95771026611328,-0.2641124725341797,0.477598637342453,0.14751824736595154
0.1105959415435791,66.84110260009766,-8.393495559692383,-16.70902442932129,-0.17607498168945312,0.3384242057800293,0.11380932480096817
0.09516394883394241,65.724853515625,-8.108514785766602,-16.72112274169922,-0.1417403668165207,0.4609110653400421,0.07509412616491318
0.43723976612091064,65.49594116210938,-8.272512435913086,-16.916038513183594,-0.13381698727607727,0.5673778653144836,0.09678798913955688
0.4989677369594574,65.23617553710938,-8.185136795043945,-17.50213050842285,0.0290523711591959,0.439217209815979,0.1378394365310669
0.5658397078514099,64.3179702758789,-8.072219848632812,-17.961864471435547,0.1417403668165207,0.6144368648529053,0.14518198370933533
0.40894776582717896,64.53144836425781,-8.257725715637207,-18.549301147460938,0.1487833559513092,0.588737964630127,0.09345047175884247
0.429523766040802,63.51293182373047,-8.03726863861084,-18.98349380493164,0.22449560463428497,0.7435987591743469,0.08944544941186905
0.3446478247642517,64.26395416259766,-8.405593872070312,-19.96345329284668,0.004401874728500843,0.530998945236206,0.08811043947935104
0.3343598246574402,64.23309326171875,-8.386774063110352,-20.326400756835938,-0.009684124030172825,0.3995007574558258,0.042720213532447815
0.4449557662010193,62.43012237548828,-8.275200843811035,-20.620790481567383,-0.2332993447780609,0.4352121949195862,0.07442662119865417
0.22376388311386108,62.32209777832031,-7.939138889312744,-21.042884826660156,-0.0968412384390831,0.5383414626121521,0.09511923044919968
0.2880638539791107,61.87199783325195,-7.732124328613281,-20.943410873413086,0.0774729922413826,0.5403439402580261,0.26566633582115173
0.22890786826610565,62.1549186706543,-7.838320255279541,-21.220325469970703,0.011444874107837677,0.5790591835975647,0.12949565052986145
0.3034958243370056,61.73053741455078,-7.582912921905518,-21.09934425354004,0.07042999565601349,0.5159801244735718,0.0403839536011219
0.2777758538722992,61.339595794677734,-7.486126899719238,-21.17999839782715,0.06866924464702606,0.5543615221977234,-0.05840654298663139
0.3446478247642517,61.04124450683594,-7.527798652648926,-21.21091651916504,0.10564498603343964,0.44822850823402405,0.06574907898902893
0.4706757366657257,61.17755889892578,-7.5103230476379395,-21.303668975830078,0.05282249301671982,0.5293301343917847,0.11180680990219116
0.7767435908317566,61.792266845703125,-7.217276573181152,-21.36550521850586,0.02200937271118164,0.5263264179229736,0.12482313066720963
1.31429123878479,61.28558349609375,-6.855673789978027,-20.79285430908203,0.09772161394357681,0.36912935972213745,0.36912935972213745
1.1625434160232544,62.73876190185547,-7.457897663116455,-20.93265724182129,0.18311798572540283,0.36679309606552124,0.4001682698726654
1.3965952396392822,61.81541442871094,-7.642059803009033,-20.3465633392334,0.057224370539188385,0.6084293127059937,0.2740101218223572
1.4634672403335571,62.01860046386719,-8.171693801879883,-20.3358097076416,0.032573871314525604,0.6895309686660767,0.4151870906352997
1.628075122833252,62.53300094604492,-8.8344087600708,-20.423185348510742,-0.1232524886727333,0.8333779573440552,0.47025611996650696
1.8389790058135986,62.805633544921875,-9.315650939941406,-20.15567970275879,-0.37327897548675537,0.7165648341178894,0.48594245314598083
2.232494831085205,63.84214782714844,-9.52804183959961,-20.37748146057129,-0.5379090905189514,0.7452675104141235,0.4609110653400421
2.5411345958709717,63.78813552856445,-10.143708229064941,-20.45948028564453,-0.6734868288040161,0.7349212169647217,0.5553628206253052
2.345662832260132,64.87609100341797,-10.352066993713379,-20.509218215942383,-0.5114977955818176,0.7319174408912659,0.7753051519393921
1.7206670045852661,65.88688659667969,-10.214953422546387,-21.08186912536621,-0.4525127112865448,0.831041693687439,0.8647506237030029
1.6717990636825562,66.32669830322266,-10.440787315368652,-20.770002365112305,-0.05546361953020096,0.9725524187088013,0.8687556385993958
2.386814594268799,67.27833557128906,-9.866792678833008,-20.938034057617188,0.17871610820293427,1.0052601099014282,0.9431822299957275
1.7566750049591064,68.157958984375,-10.181347846984863,-21.325178146362305,0.23594047129154205,1.085026741027832,0.8584093451499939
1.7026630640029907,68.74180603027344,-10.307706832885742,-21.232423782348633,0.1162094846367836,1.1487733125686646,0.8514005541801453
1.8415509462356567,68.88069152832031,-10.128921508789062,-21.288883209228516,-0.037856120616197586,1.2852777242660522,0.8660855889320374
2.301938772201538,69.58284759521484,-9.623483657836914,-21.034820556640625,-0.08187486976385117,0.9895737171173096,0.9652098417282104
1.381163239479065,71.04374694824219,-10.31577205657959,-21.541601181030273,-0.16991235315799713,0.9108083248138428,1.0730116367340088
1.6049271821975708,72.15227508544922,-10.518754005432129,-21.533536911010742,-0.3495088517665863,0.8977920413017273,1.0703415870666504
2.0293068885803223,72.12655639648438,-9.644991874694824,-20.807641983032227,-0.2826003432273865,0.7429312467575073,1.0489815473556519
1.4840432405471802,72.25515747070312,-10.107413291931152,-20.37748146057129,-0.17079272866249084,0.6871947050094604,1.0826904773712158
0.28291985392570496,71.89765167236328,-9.544173240661621,-21.302326202392578,0.09948236495256424,1.0232826471328735,0.7696313858032227
0.1388879269361496,73.81121826171875,-9.702794075012207,-21.26603126525879,0.014966373331844807,0.9385097026824951,1.0583266019821167
0.22633588314056396,74.53395080566406,-9.415124893188477,-21.684091567993164,0.14526185393333435,1.0122687816619873,0.9939125180244446
0.7998915910720825,75.9974136352539,-8.53732967376709,-21.819862365722656,0.35126960277557373,0.9822311997413635,1.124743103981018
1.1445393562316895,76.7844467163086,-8.185136795043945,-21.987892150878906,0.4269818365573883,0.8413879871368408,1.1290819644927979
1.5740631818771362,76.5272445678711,-8.44995403289795,-21.423307418823242,0.07219073921442032,0.6377994418144226,1.0940380096435547
1.628075122833252,76.3729248046875,-8.898933410644531,-21.202850341796875,-0.07659261673688889,0.7569488286972046,1.0653353929519653
0.9670714735984802,75.1126480102539,-9.448731422424316,-20.91652488708496,-0.4190584421157837,1.3086403608322144,0.9498572945594788
1.1908353567123413,75.16922760009766,-9.68263053894043,-20.64364242553711,-0.6629223227500916,1.3043015003204346,1.0776841640472412
1.2268433570861816,75.88938903808594,-9.53745174407959,-20.90846061706543,-0.6241858005523682,1.0873630046844482,1.1481057405471802
1.6126431226730347,76.9181900024414,-9.372109413146973,-21.467668533325195,-0.4146565794944763,1.0549890995025635,1.1310844421386719
1.2011233568191528,77.43516540527344,-9.131488800048828,-21.368194580078125,-0.20512735843658447,0.8280379176139832,1.0760153532028198
1.1008154153823853,77.40172576904297,-8.866671562194824,-21.17999839782715,0.02465049736201763,1.0092650651931763,1.2205299139022827
1.5663471221923828,77.63835144042969,-9.018571853637695,-20.94744300842285,-0.037856120616197586,1.025952696800232,1.0856941938400269
1.1188193559646606,76.851318359375,-9.032013893127441,-20.770002365112305,-0.10828611254692078,1.051317811012268,0.874095618724823
1.1676874160766602,76.94390869140625,-9.003785133361816,-20.675905227661133,-0.1038842424750328,1.0476465225219727,1.054321527481079
0.7381635904312134,76.96448516845703,-9.181225776672363,-20.70547866821289,-0.15934786200523376,1.085026741027832,1.078351616859436
0.9876474738121033,77.45573425292969,-9.144930839538574,-20.640954971313477,-0.18311798572540283,0.960537314414978,1.0917017459869385
1.2808552980422974,77.918701171875,-9.279356002807617,-20.759248733520508,-0.16286936402320862,0.9505248069763184,1.1017142534255981
1.0442314147949219,77.64092254638672,-9.33446979522705,-20.5576114654541,-0.13293661177158356,0.8680881261825562,1.1337544918060303
1.0030794143676758,78.08073425292969,-9.084439277648926,-20.549545288085938,-0.05986549332737923,0.8116840720176697,1.049315333366394
1.3168632984161377,78.53340148925781,-9.022603988647461,-20.620790481567383,-0.03433462232351303,0.871091902256012,1.0346301794052124
1.1136753559112549,78.3173599243164,-8.842474937438965,-20.33446502685547,-0.06162624433636665,0.9471872448921204,1.0359652042388916
1.2602792978286743,78.4433822631836,-8.78332805633545,-20.31698989868164,-0.10916648805141449,0.8851094245910645,1.0356314182281494
1.3091472387313843,78.61827850341797,-8.791393280029297,-20.005125045776367,-0.14350110292434692,0.8186928629875183,1.0062613487243652
1.2114113569259644,78.77259826660156,-8.751065254211426,-19.52657127380371,-0.14438147842884064,0.8911169767379761,0.9618723392486572
0.859047532081604,78.73916625976562,-9.10191535949707,-19.861289978027344,-0.2007254809141159,1.0212801694869995,0.9798949360847473
1.3014312982559204,79.61878967285156,-8.877425193786621,-20.092500686645508,-0.10828611254692078,1.0085976123809814,0.986903727054596
1.0802394151687622,79.2767105102539,-8.897588729858398,-20.15567970275879,-0.06866924464702606,1.0589940547943115,0.9408459663391113
1.4197431802749634,79.13011169433594,-8.640837669372559,-20.32908821105957,0.0774729922413826,0.9241583943367004,0.9505248069763184
1.2011233568191528,79.55191802978516,-8.76854133605957,-20.29010581970215,0.018487872555851936,0.8977920413017273,1.0139375925064087
1.3194352388381958,79.62650299072266,-8.787360191345215,-20.185253143310547,-0.1417403668165207,0.8587430715560913,0.987904965877533
1.1676874160766602,79.71652221679688,-8.919096946716309,-20.003780364990234,-0.18575911223888397,0.8834406733512878,1.0052601099014282
1.183119297027588,79.75253295898438,-9.06830883026123,-19.95673179626465,-0.2509068548679352,0.9218221306800842,1.0756816864013672
1.311719298362732,80.04573822021484,-8.823655128479004,-19.869354248046875,-0.18928059935569763,0.866753101348877,1.0292901992797852
1.1856913566589355,80.2334976196289,-8.941948890686035,-19.98361587524414,-0.16551047563552856,0.9408459663391113,0.913144588470459
1.3271512985229492,80.32865905761719,-8.674443244934082,-19.960763931274414,-0.09420011192560196,0.9171496033668518,0.9425147175788879
1.332295298576355,80.24635314941406,-8.830376625061035,-19.79273223876953,0.04930099472403526,0.8053427934646606,1.0262863636016846
1.1625434160232544,79.74739074707031,-8.822311401367188,-19.73627471923828,-0.06514774262905121,0.9094732999801636,1.0623315572738647
1.2499912977218628,79.76539611816406,-8.812901496887207,-19.65427589416504,-0.19104135036468506,0.9635410904884338,1.0296239852905273
1.2319873571395874,79.97886657714844,-8.824999809265137,-19.830371856689453,-0.19192172586917877,0.9411797523498535,0.946853518486023
1.224271297454834,80.05088806152344,-8.799458503723145,-19.823650360107422,-0.167271226644516,0.873094379901886,0.9825649261474609
1.2757112979888916,79.93257141113281,-8.830376625061035,-19.66771697998047,-0.13821886479854584,0.7846502065658569,1.0085976123809814
1.2319873571395874,79.91199493408203,-8.812901496887207,-19.671751022338867,-0.1223721131682396,0.8564068078994751,1.0085976123809814
1.3451552391052246,79.53648376464844,-8.84650707244873,-19.51984977722168,-0.14614222943782806,0.9822311997413635,0.9842336773872375
1.311719298362732,79.94286346435547,-8.799458503723145,-19.728208541870117,-0.06690849363803864,0.8871119618415833,0.9895737171173096
1.2062673568725586,80.06117248535156,-8.837098121643066,-19.677127838134766,-0.11532911658287048,0.8030065298080444,0.9571998119354248
1.2808552980422974,79.93514251708984,-8.819622039794922,-19.726863861083984,-0.13117586076259613,0.8851094245910645,0.9695486426353455
1.31429123878479,79.93000030517578,-8.833065032958984,-19.755094528198242,-0.11092723906040192,0.9034658074378967,0.9395110011100769
1.2474193572998047,79.93771362304688,-8.835753440856934,-19.718799591064453,-0.13293661177158356,0.9027982950210571,0.9665448665618896
1.244847297668457,79.94286346435547,-8.854573249816895,-19.716110229492188,-0.1162094846367836,0.8981257677078247,1.0129363536834717
1.2885712385177612,79.95057678222656,-8.826343536376953,-19.740306854248047,-0.1417403668165207,0.8947882652282715,0.9655436277389526
1.3400112390518188,79.94800567626953,-8.841130256652832,-19.744340896606445,-0.09860198944807053,0.8760981559753418,0.9912424683570862
1.2114113569259644,80.06117248535156,-8.839786529541016,-19.83574867248535,-0.0968412384390831,0.8964570164680481,0.995247483253479
1.1573994159698486,79.96343994140625,-8.838441848754883,-19.73493003845215,-0.13029548525810242,0.8991270065307617,1.0106000900268555
1.2345592975616455,79.9171371459961,-8.826343536376953,-19.733585357666016,-0.1232524886727333,0.8907832503318787,0.9955812692642212
1.3194352388381958,79.87084197998047,-8.806180000305176,-19.68115997314453,-0.14438147842884064,0.9304996728897095,0.952193558216095
1.5534871816635132,79.77568054199219,-8.658312797546387,-19.619325637817383,-0.042257994413375854,0.9899075031280518,0.9234908819198608
1.2216993570327759,79.89913940429688,-8.635459899902344,-19.596471786499023,0.07923374325037003,0.9315009117126465,1.0286226272583008
1.3451552391052246,79.70366668701172,-8.77122974395752,-19.759126663208008,-0.05986549332737923,1.0129363536834717,1.0062613487243652
1.0828113555908203,79.33329772949219,-8.659656524658203,-19.687881469726562,-0.10916648805141449,1.051985263824463,0.9992524981498718
0.9182034730911255,79.91199493408203,-8.842474937438965,-19.71073341369629,-0.1100468635559082,1.062665343284607,0.9975837469100952
1.2474193572998047,79.1429672241211,-8.665033340454102,-20.077713012695312,-0.1100468635559082,1.0252851247787476,0.9001283049583435
1.3400112390518188,78.97321319580078,-8.811556816101074,-20.312957763671875,-0.030813122168183327,1.1501083374023438,0.9578673243522644
1.2499912977218628,78.16046905517578,-8.490281105041504,-20.325056076049805,0.07835336774587631,1.0633327960968018,0.9027982950210571
1.134251356124878,77.45316314697266,-8.386774063110352,-20.63154411315918,0.18663948774337769,1.0216138362884521,0.9268283843994141
1.195979356765747,77.01078033447266,-8.816933631896973,-20.649019241333008,0.11708986014127731,0.9865699410438538,0.9358397126197815
1.1291073560714722,76.93619537353516,-8.714771270751953,-21.076492309570312,0.34510695934295654,0.9838999509811401,0.9044670462608337
1.3297232389450073,76.43465423583984,-8.603198051452637,-21.327865600585938,0.2579498589038849,0.9949137568473816,0.8503992557525635
0.9670714735984802,75.50359344482422,-8.866671562194824,-21.1141300201416,-0.018487872555851936,1.0453102588653564,0.8430567383766174
1.4866151809692383,74.81429290771484,-8.596476554870605,-21.50799560546875,-0.05370286852121353,1.1174006462097168,0.9104745984077454
1.4480352401733398,74.97633361816406,-8.638148307800293,-21.482454299926758,-0.24738535284996033,1.1511095762252808,0.8904494643211365
0.9902194738388062,75.18466186523438,-8.741656303405762,-22.133071899414062,-0.2007254809141159,0.9578673243522644,0.84272301197052
1.126535415649414,74.94032287597656,-8.560182571411133,-22.28631591796875,-0.21745260059833527,1.073345422744751,1.002923846244812
0.8307555317878723,74.23816680908203,-8.023826599121094,-22.259431838989258,-0.10124311596155167,1.0609965324401855,0.675179660320282
0.586415708065033,74.49022674560547,-8.178415298461914,-22.400577545166016,0.02641124650835991,0.955197274684906,0.7873201966285706
0.4166637659072876,74.33075714111328,-8.350479125976562,-22.473167419433594,0.032573871314525604,0.9274958968162537,0.8574080467224121
0.7330195903778076,73.37911987304688,-8.160940170288086,-21.923368453979492,0.04313836991786957,0.9762236475944519,0.8210291266441345
1.036515474319458,72.94187927246094,-7.894778728485107,-21.572519302368164,0.029932746663689613,0.9765574336051941,0.6855259537696838
0.9876474738121033,72.59980773925781,-7.781861782073975,-21.42196273803711,0.0387364961206913,1.1157318353652954,0.5690466165542603
0.6378556489944458,72.98817443847656,-8.342413902282715,-20.75387191772461,-0.06602811813354492,0.9838999509811401,0.6878622174263
0.6892956495285034,72.34003448486328,-8.072219848632812,-21.546977996826172,0.12149173766374588,1.3970844745635986,0.7375912070274353
0.21090388298034668,71.43211364746094,-8.659656524658203,-21.688125610351562,-0.0642673671245575,1.7495262622833252,0.7656263709068298
0.12345593422651291,71.16205596923828,-8.608574867248535,-22.084678649902344,0.06954962015151978,1.7098098993301392,0.6705071330070496
0.01800399087369442,71.55043029785156,-8.52523136138916,-22.430150985717773,-0.1558263599872589,1.0876966714859009,0.6097643375396729
-0.07973195612430573,70.92543029785156,-8.628739356994629,-23.11302947998047,-0.19104135036468506,1.3617068529129028,0.442888468503952
0.1543199121952057,70.27986145019531,-8.822311401367188,-23.326765060424805,-0.4665986895561218,1.5766428709030151,0.4015032649040222
0.22633588314056396,69.80403900146484,-8.42575740814209,-23.769023895263672,-0.29932746291160583,1.6664221286773682,0.38414818048477173
0.1954718977212906,68.4151611328125,-8.03458023071289,-24.265050888061523,-0.31869572401046753,1.9257471561431885,0.3194003701210022
-0.061727967113256454,68.60034942626953,-7.754976749420166,-24.921045303344727,0.0581047423183918,1.6924548149108887,0.21493607759475708
-0.07715995609760284,67.7593002319336,-7.763041973114014,-25.689956665039062,0.14438147842884064,1.7635438442230225,0.2633300721645355
0.028291985392570496,66.63533782958984,-7.394717693328857,-26.05290412902832,0.51413893699646,1.9013832807540894,0.29270023107528687
0.4449557662010193,65.80458068847656,-7.02908182144165,-26.1214599609375,0.6549989581108093,1.7068060636520386,0.3931594789028168
0.3755117952823639,65.34677124023438,-6.926918983459473,-26.206148147583008,0.7817729115486145,1.6457295417785645,0.3364216983318329
0.7741715908050537,64.436279296875,-6.88659143447876,-25.92923355102539,0.5475931763648987,1.6453957557678223,0.28469017148017883
0.9207754731178284,64.26652526855469,-6.745445251464844,-26.08382225036621,0.46219682693481445,1.7398475408554077,0.28769394755363464
0.9053435325622559,63.052547454833984,-6.887935638427734,-25.646940231323242,0.40497246384620667,1.5325877666473389,0.28602519631385803
0.35493579506874084,63.51036071777344,-7.381275177001953,-25.739694595336914,0.3160545825958252,1.5796467065811157,0.38581693172454834
0.9825034737586975,62.17292022705078,-7.229374885559082,-25.24366569519043,0.1549459844827652,1.7168186902999878,0.27300888299942017
1.0699514150619507,62.0005989074707,-7.183670520782471,-25.464122772216797,0.16286936402320862,1.9998400211334229,0.5216538906097412
0.8410435318946838,61.95944595336914,-7.175604820251465,-25.64425277709961,0.10828611254692078,1.9614585638046265,0.3020452558994293
0.49382373690605164,61.95430374145508,-7.332882404327393,-25.55284309387207,0.05898511782288551,1.8102691173553467,0.32974666357040405
0.6481436491012573,61.85142135620117,-7.201145648956299,-25.699365615844727,0.10036274045705795,1.7902439832687378,0.30972155928611755
0.4681037366390228,61.93115234375,-7.2387847900390625,-25.64021873474121,0.20600773394107819,1.6944572925567627,0.43087342381477356
0.14917591214179993,61.902862548828125,-7.1957688331604,-25.91847801208496,0.3371835947036743,1.6994636058807373,0.32741039991378784
0.5658397078514099,61.95687484741211,-6.945738315582275,-25.96149444580078,0.37944158911705017,1.5729717016220093,0.3017115294933319
0.4578157365322113,61.884857177734375,-7.04118013381958,-25.907724380493164,0.31429383158683777,1.6347156763076782,0.35110676288604736
0.9670714735984802,62.021175384521484,-6.96859073638916,-25.60795783996582,0.22889748215675354,1.5773104429244995,0.3177315890789032
1.1393953561782837,61.781978607177734,-6.811313152313232,-25.650972366333008,0.18399836122989655,1.70847487449646,0.2212773561477661
0.9747874736785889,62.08290100097656,-6.818034648895264,-25.859331130981445,0.15758711099624634,1.6834434270858765,0.2629963159561157
0.5555517077445984,61.776832580566406,-7.034458637237549,-25.81093978881836,0.15670673549175262,1.777895212173462,0.4151870906352997
0.6995835900306702,61.820556640625,-7.197113037109375,-25.841856002807617,0.15406560897827148,1.807265281677246,0.3571142852306366
0.7741715908050537,61.7794075012207,-7.05327844619751,-25.747758865356445,0.1813572347164154,1.6984622478485107,0.2199423611164093
0.7047275900840759,61.85142135620117,-7.151408672332764,-25.617366790771484,0.22273485362529755,1.596668004989624,0.34710174798965454
0.4552437663078308,61.681671142578125,-7.283144950866699,-25.83513641357422,0.21833297610282898,1.707473635673523,0.24497373402118683
0.6738636493682861,61.59679412841797,-7.01967191696167,-25.754480361938477,0.2588302195072174,1.6510695219039917,0.34943801164627075
0.7201595902442932,61.763973236083984,-7.0505900382995605,-25.80690574645996,0.3618340790271759,1.515566349029541,0.49094870686531067
0.6661476492881775,61.52992248535156,-7.112425327301025,-25.578384399414062,0.3371835947036743,1.5949993133544922,0.3420954644680023
0.6815796494483948,61.53763961791992,-7.214588165283203,-25.581071853637695,0.3028489649295807,1.6250369548797607,0.3814781606197357
0.6172796487808228,61.4553337097168,-7.275079727172852,-25.548810958862305,0.23770122230052948,1.617026925086975,0.45089852809906006
0.725303590297699,61.46562194824219,-7.059999465942383,-25.730283737182617,0.22449560463428497,1.7708864212036133,0.24363872408866882
0.7973195910453796,61.41675567626953,-7.151408672332764,-25.618711471557617,0.12501323223114014,1.606346845626831,0.4178571105003357
0.789603590965271,61.23671340942383,-7.2965874671936035,-25.597204208374023,0.06338699162006378,1.7515288591384888,0.2639975845813751
0.7330195903778076,61.28301239013672,-7.249538898468018,-25.606613159179688,0.18663948774337769,1.5836516618728638,0.4211946129798889
0.6712916493415833,61.3010139465332,-7.511667251586914,-25.499073028564453,0.10124311596155167,1.5803141593933105,0.361786812543869
0.7741715908050537,61.39875030517578,-7.37455415725708,-25.590482711791992,0.17167310416698456,1.5873229503631592,0.33174917101860046
0.676435649394989,61.41932678222656,-7.389340877532959,-25.481597900390625,0.19104135036468506,1.5202388763427734,0.36912935972213745
0.6584316492080688,61.3010139465332,-7.390685081481934,-25.66979217529297,0.18311798572540283,1.6567432880401611,0.28502392768859863
0.6429996490478516,61.40903854370117,-7.3799309730529785,-25.677858352661133,0.22185447812080383,1.6347156763076782,0.2800176441669464
0.5838437080383301,61.49648666381836,-7.416225910186768,-25.673826217651367,0.17079272866249084,1.747189998626709,0.3377566933631897
0.6687196493148804,61.41932678222656,-7.4310126304626465,-25.66844940185547,0.25530871748924255,1.6397219896316528,0.3724668622016907
0.3755117952823639,61.38846206665039,-7.581568241119385,-25.715497970581055,0.20424698293209076,1.7258299589157104,0.3384242057800293
0.6481436491012573,61.38074493408203,-7.441766262054443,-25.677858352661133,0.27995923161506653,1.732504963874817,0.3347529470920563
0.6815796494483948,61.3010139465332,-7.366488456726074,-25.594514846801758,0.3151742219924927,1.6594133377075195,0.36746060848236084
0.8076075315475464,61.342166900634766,-7.392029285430908,-25.419761657714844,0.3495088517665863,1.547272801399231,0.35043925046920776
0.6892956495285034,61.14926528930664,-7.378586769104004,-25.555532455444336,0.3812023401260376,1.6567432880401611,0.2790164053440094
0.6841516494750977,61.22642517089844,-7.3799309730529785,-25.617366790771484,0.3539107143878937,1.7044697999954224,0.3624543249607086
0.6198516488075256,61.293296813964844,-7.468651294708252,-25.470844268798828,0.2852414846420288,1.6300431489944458,0.3427629768848419
0.8616195321083069,61.192989349365234,-7.2898664474487305,-25.57166290283203,0.27379658818244934,1.6363844871520996,0.318065345287323
0.6790076494216919,61.15184020996094,-7.381275177001953,-25.524614334106445,0.27467697858810425,1.610351800918579,0.3524417579174042
0.47839173674583435,61.16469955444336,-7.467307090759277,-25.50176239013672,0.19896472990512848,1.616693139076233,0.34910425543785095
0.47581973671913147,61.27786636352539,-7.570814609527588,-25.46546745300293,0.16551047563552856,1.5899930000305176,0.3724668622016907
0.6507156491279602,61.12611770629883,-7.467307090759277,-25.50310516357422,0.2394619733095169,1.62637197971344,0.4041732847690582
0.6610036492347717,61.12868881225586,-7.533175468444824,-25.54612159729004,0.22977785766124725,1.6353832483291626,0.46992236375808716
0.6918676495552063,61.15184020996094,-7.538552284240723,-25.573007583618164,0.14526185393333435,1.5526127815246582,0.32407286763191223
0.6301396489143372,61.01552200317383,-7.327505111694336,-25.341794967651367,0.17079272866249084,1.4731799364089966,0.12382186949253082
0.5992756485939026,61.120975494384766,-7.4955363273620605,-25.394222259521484,0.21217034757137299,1.4728461503982544,0.30771905183792114
0.6610036492347717,61.118404388427734,-7.416225910186768,-25.49100685119629,0.22185447812080383,1.5442689657211304,0.3567805588245392
1.2165553569793701,61.414180755615234,-7.156785488128662,-24.906259536743164,0.20512735843658447,1.073345422744751,0.2576563060283661
-0.15689191222190857,61.16212844848633,-7.975433826446533,-25.117305755615234,-0.018487872555851936,1.1995035409927368,0.22494862973690033
0.4140917658805847,60.95636749267578,-7.588289737701416,-24.933143615722656,0.10916648805141449,1.074346661567688,0.28602519631385803
0.002571998629719019,61.57621765136719,-7.951237201690674,-25.37405776977539,0.10828611254692078,1.0119351148605347,0.3020452558994293
0.42180776596069336,62.016029357910156,-7.560060501098633,-26.290836334228516,0.41201546788215637,0.6895309686660767,0.1591995507478714
0.5092557072639465,63.36118698120117,-7.526454448699951,-26.827192306518555,0.6708456873893738,0.36579182744026184,0.24463997781276703
0.6635756492614746,62.28094482421875,-7.253571510314941,-26.690078735351562,0.7007784247398376,0.48560869693756104,0.1575307995080948
0.7098715901374817,62.453269958496094,-7.244161605834961,-26.956239700317383,0.7377541661262512,0.5179826021194458,0.1605345606803894
0.8281835317611694,62.49184799194336,-7.18635892868042,-27.05302619934082,0.7509598135948181,0.526660144329071,0.16287082433700562
0.8127515316009521,62.5201416015625,-7.203834056854248,-27.035551071166992,0.7509598135948181,0.5283288955688477,0.16287082433700562
0.8178955316543579,62.52271270751953,-7.201145648956299,-27.04092788696289,0.7641654014587402,0.5283288955688477,0.16453957557678223
0.8127515316009521,62.50471115112305,-7.217276573181152,-27.044960021972656,0.7580028176307678,0.5330014228820801,0.16353832185268402
0.8178955316543579,62.484134674072266,-7.211899757385254,-27.03420639038086,0.7615243196487427,0.5356714725494385,0.16287082433700562
0.8127515316009521,62.49699401855469,-7.2132439613342285,-27.043615341186523,0.7615243196487427,0.5380076766014099,0.16387207806110382
0.8204675316810608,62.50471115112305,-7.211899757385254,-27.03420639038086,0.7571223974227905,0.5363389253616333,0.16287082433700562
0.7921755909919739,62.50728225708008,-7.209211349487305,-27.039583206176758,0.7580028176307678,0.5396764874458313,0.1618695706129074
0.7998915910720825,62.50213623046875,-7.215932369232178,-27.035551071166992,0.7615243196487427,0.5373402237892151,0.16253706812858582
0.7998915910720825,62.49184799194336,-7.210555553436279,-27.032861709594727,0.7632850408554077,0.5400102138519287,0.16220331192016602
0.815323531627655,62.4867057800293,-7.214588165283203,-27.027484893798828,0.7500793933868408,0.5386751890182495,0.1612020581960678
0.7973195910453796,62.476417541503906,-7.221309661865234,-27.02882957458496,0.7580028176307678,0.5393427014350891,0.1618695706129074
0.8024635910987854,62.48927688598633,-7.209211349487305,-27.023452758789062,0.7615243196487427,0.5373402237892151,0.1612020581960678
0.789603590965271,62.458412170410156,-7.229374885559082,-27.010009765625,0.7597635388374329,0.5400102138519287,0.1605345606803894
