position_x,position_y,position_z,orientation_x,orientation_y,orientation_z,orientation_w
-0.045222287309333954,-0.4846259115271254,0.21438451386553314,0.7467036247253418,0.6645336972693858,0.019796542558840943,0.020899345207238854
-0.04522224373277665,-0.48462592869037324,0.2143845514642728,0.7467035055160522,0.6645338336149497,0.019796511243379125,0.020899377820816578
-0.045222605689013214,-0.4846258728982273,0.21438447819060755,0.7467037439346313,0.6645335468375039,0.01979645340518573,0.0208992181100217
-0.045222491848833535,-0.4846258811227044,0.21438447020829457,0.7467037439346313,0.6645335488448374,0.01979651716547396,0.020899268020948165
-0.045222582488053116,-0.4846258787586407,0.21438445473986015,0.7467037439346313,0.6645335560317728,0.019796446852964732,0.020899228032189913
-0.04522338987005355,-0.48462576801238155,0.21438437265676172,0.7467042803764343,0.6645329700293843,0.019796258490335682,0.020898877140687236
-0.045223018851127506,-0.484625804763412,0.21438437974276164,0.7467039823532104,0.6645332639777546,0.019796351324495504,0.02089897543328626
-0.04522276891106025,-0.48462584558808275,0.2143844379897981,0.7467039227485657,0.6645333365638901,0.019796383435714476,0.020899082830051315
-0.04522257253355396,-0.4846258714617444,0.214384463113009,0.7467038035392761,0.6645334881772232,0.019796428278325482,0.02089916384882417
-0.04522194846914365,-0.4846259537154309,0.21438454904363538,0.7467034459114075,0.6645338501114879,0.019796609693483017,0.02089945445984277
-0.04522217076343039,-0.4846259169801024,0.21438449581929692,0.746703565120697,0.6645337618536247,0.01979659088055065,0.02089936281950085
-0.045222125815823806,-0.4846259327774174,0.21438452844628667,0.7467035055160522,0.6645338361017888,0.01979655032517865,0.020899376512223712
-0.04522237886176197,-0.4846259001067619,0.21438449830018608,0.7467036843299866,0.6645336177488252,0.019796494939238206,0.020899278883056163
-0.045223325859220946,-0.48462574534432185,0.21438435913974035,0.7467042207717896,0.6645330392902696,0.01979628220926642,0.0208988568318498
-0.04519072054162735,-0.48459800392315305,0.21438497276416293,0.7466840744018555,0.6645555066279086,0.01987201219678358,0.020832107297003424
-0.04511799270147644,-0.4836539593217038,0.21440407519179838,0.7465366721153259,0.6647337106458888,0.02180307536232232,0.01834967999376919
-0.04474652904487285,-0.4805583400694667,0.2145505091124603,0.7459071278572083,0.6653729514694583,0.028238570409837734,0.010197404340819463
-0.04402420443743065,-0.4766251462518662,0.2148799754448427,0.7448180913925171,0.6662655434997845,0.03655478164862598,-0.00011527497739309905
-0.04291123932773671,-0.4731462872162357,0.2153640853541752,0.7434207797050476,0.6672984299987811,0.0442036001176093,-0.009184409397297703
-0.04177540632041259,-0.4712876418568937,0.21576593876602299,0.7422733902931213,0.668187071598046,0.04860320884250049,-0.013928827241156438
-0.040306403005952694,-0.4705945229719575,0.21613118788275093,0.7411641478538513,0.6692158460682129,0.05085295459914886,-0.01548560269306321
-0.03825085039386279,-0.4706887180411372,0.2165466264298617,0.7398621439933777,0.6705908158572403,0.05188197776371202,-0.0148402282439266
-0.03625849749375528,-0.4709776364757425,0.21692720897127554,0.7386495471000671,0.6719068058280776,0.05245738097876106,-0.013649523423982454
-0.03501241212232206,-0.4711583154176801,0.21716449017971268,0.737891435623169,0.6727272696594174,0.05280358810776292,-0.012885576782744547
-0.03350912294876211,-0.47134866604520614,0.21745550635586305,0.7369701266288757,0.6737157765189324,0.05326807834897358,-0.012025776988826209
-0.03306687443949237,-0.4713982916587011,0.2175414522408013,0.7366980314254761,0.6740059780464174,0.05341425078304526,-0.011784966938125266
-0.03238074542458809,-0.4714557237743182,0.21767804702869878,0.7362685203552246,0.6744595858829462,0.05367908333971637,-0.011465044000704088
-0.03183716266676197,-0.46979844798474935,0.217512021838679,0.7356294393539429,0.6748949789655565,0.056230886207296736,-0.014290640008303528
-0.0335671082932996,-0.4693671192970366,0.21759006296761751,0.7364959120750427,0.6738199846235369,0.05699177512407409,-0.017098359106906363
-0.03544837483338625,-0.4699825297835527,0.2177019784049255,0.7376857995986938,0.6725861160215755,0.05598423129111411,-0.017701667076831414
-0.03628845358830216,-0.4699618014763953,0.21759833853644558,0.7382029891014099,0.6720296849488611,0.055701948126956294,-0.018158826888857817
-0.03637461015081056,-0.4696916531917491,0.21747928771565586,0.7382321953773499,0.671972409022814,0.05589901521368394,-0.018481766190615322
-0.036495551670399855,-0.4696423509546788,0.21743844150015834,0.7383050918579102,0.6718912653682318,0.055881585040188524,-0.018572522318493115
-0.036223152928859685,-0.46939899132378327,0.21735717695711093,0.738119900226593,0.6720700674742186,0.05615482666552408,-0.01864034416624898
-0.03574079180633126,-0.468931014137711,0.21710332188274814,0.7378236055374146,0.6723734432460379,0.05646278424864553,-0.018499599354649905
-0.035163120232812616,-0.4684144307026523,0.21659082883688388,0.7375537753105164,0.6727086600770432,0.05629316187788235,-0.017565082974186054
-0.0347228391283643,-0.4678868304619723,0.21600896646125559,0.7373852133750916,0.6729427720266039,0.05600070618377297,-0.016582133323263082
-0.03369044291502712,-0.46564924043031986,0.21322118307793778,0.7370437979698181,0.6733369301052254,0.05626532116052393,-0.014765745640652228
-0.031398139584095985,-0.461704890738831,0.2063090776455753,0.7363249659538269,0.673968825465311,0.05871466916347703,-0.01200637478869377
-0.028592465881338677,-0.45740393593757905,0.19599023072407523,0.7359014749526978,0.6742349191741317,0.06169442207612064,-0.007077009479086714
-0.02717011755867619,-0.4550004667212357,0.185574020256949,0.7365242838859558,0.6733077222247563,0.0646540031657574,-0.0029236378249786277
-0.029512280077073384,-0.45654439658573104,0.18053159949875758,0.7385612726211548,0.6708963480031512,0.06640209837362492,-0.004008432326031949
-0.03655602217945631,-0.4662521335813671,0.18350601751602064,0.742883563041687,0.6667111833307889,0.060054843325574515,-0.0036874328514383808
-0.04139697769552579,-0.4749267904664322,0.18755391788054773,0.7458359599113464,0.6640243143243,0.052914135448081316,-0.000719375199681819
-0.04504172380789127,-0.4882145605166627,0.19355025733183745,0.7482913732528687,0.6619750325789291,0.04225477440233935,0.007976405912619581
-0.04181607124034446,-0.4907983287537731,0.19348444154546718,0.7453294992446899,0.6652213500365203,0.04279814397254902,0.011525403356014699
-0.039729357813203706,-0.4869476193436645,0.18655071191178596,0.7227493524551392,0.6897960208385517,0.041566763892463984,0.009326986406746052
-0.04152216630223168,-0.4843444427525619,0.17860586184829408,0.704334758807172,0.7090227007865906,0.033704968957782175,0.007956754191647276
-0.04384258420009598,-0.4841482610682369,0.17321910895624928,0.7015266499050826,0.7121109366416931,0.025886771475865673,0.009392344804143048
-0.047011974326326034,-0.4844870854797178,0.1713614880348675,0.7121221423149109,0.7017084198117701,0.0204751428078329,0.008253236342659787
-0.04690124073071724,-0.4840041400926955,0.17212373751336624,0.7158223390579224,0.6979806730241003,0.019430705822578668,0.006620352915257693
-0.04305360883679466,-0.4829552970200369,0.17252535189542936,0.7125945091247559,0.7012268790529683,0.020620329403430795,0.008043416171320547
-0.03813305434173722,-0.4829323251093323,0.17158053214807598,0.7084569334983826,0.7053186047972944,0.01968025940907849,0.015071909432018983
-0.03650912576216327,-0.4842301388389892,0.17036839753543728,0.7067063266872217,0.7069805860519409,0.015391821371756357,0.022532838589206062
-0.03692086961168368,-0.4833340609688856,0.16919689597172288,0.7085303068161011,0.7051391094955526,0.01449703893920968,0.023525376754500674
-0.03731638155486123,-0.4815418590234606,0.1682850611216827,0.7111883163452148,0.7024794034291557,0.015454851054631352,0.022248182848545274
-0.0371334341232802,-0.4815661957680054,0.16771880001809175,0.7115423083305359,0.7020592335546645,0.01376762911715436,0.025115828301823413
-0.03688147424908486,-0.4826749959208377,0.16715908324797493,0.7109429240226746,0.7025132688079871,0.009803194983915287,0.03064619522894069
-0.03674471793306299,-0.4829123819856963,0.16650781866097167,0.7104929089546204,0.7028638984359603,0.007854887254059324,0.03347319353293918
-0.03811751702140154,-0.4811849131431262,0.1645005575539614,0.7122753858566284,0.7011012056966544,0.007902713952749999,0.0325338196280346
-0.03942212671495913,-0.48048081716703966,0.16355624280576692,0.7135022282600403,0.6999076640400778,0.007703280502186864,0.031376397947743044
-0.04059357553627927,-0.4806127379552592,0.16296660642682104,0.7132760286331177,0.700145997748999,0.006010709433339823,0.03157201735277207
-0.04052410489375137,-0.48106516447936065,0.16309104758195536,0.7130234241485596,0.7003811088393489,0.005283941631296779,0.032186505470826146
-0.03979741433487025,-0.4807415247370954,0.1630606833647371,0.7126818299293518,0.7007199989727649,0.005894684399760611,0.03226975676122079
-0.03914794235754431,-0.48041525554831765,0.16304393800773356,0.7129826545715332,0.7004086813932775,0.006571121889526706,0.032252852758345475
-0.039094226068656264,-0.4804885586029064,0.163081046475295,0.7129985690116882,0.7003886522200689,0.006549713005932269,0.03233972109562518
-0.03911493461093559,-0.4803825334087662,0.16301450074332766,0.7130606770515442,0.7003285250192642,0.00664922858634445,0.032251783665679226
-0.03912393142814882,-0.48028379809667837,0.16293754967070373,0.7132397890090942,0.7001456845552477,0.0068162891590560735,0.03222651148555071
-0.039491501831488966,-0.4802754248876494,0.16284714181094237,0.7146202325820923,0.6987278960802835,0.006903811765085388,0.03239769981760523
-0.039563951428625135,-0.4805075619971511,0.16281920170789657,0.7151495814323425,0.6981503016039139,0.00657456955690856,0.03322668072082362
-0.03920960412948525,-0.48058017349853266,0.16287298224053035,0.7154451012611389,0.697819693156805,0.006845468504976176,0.033751114344805884
-0.03923775246411997,-0.48054887552953734,0.16285812656451304,0.7156466841697693,0.6976114208053928,0.006949042259427736,0.033761364496668375
-0.039488410723707644,-0.48049584938620515,0.16279630555697494,0.7157809138298035,0.6974818658149688,0.006856198757072654,0.03361141208713835
-0.0395538661982123,-0.48042363460947246,0.16273441798338742,0.7158071994781494,0.6974538335132368,0.006788986310424382,0.033647361218356556
-0.03955266884666925,-0.4804240907331356,0.16274465440786218,0.7158012390136719,0.6974592392225747,0.006770144805099496,0.03366516440126418
-0.039524187868085814,-0.4804594545135764,0.16275234698168548,0.7157752513885498,0.6974817408605305,0.0067180643554155105,0.03376245939793528
-0.03946442976783675,-0.48048816444332987,0.16276864719034445,0.7157112956047058,0.697544355799352,0.006694334646863482,0.033829002231078854
-0.039534006582307185,-0.4804635083683887,0.16274965050618886,0.7156797051429749,0.6975810786784761,0.006647141444916475,0.03374888033181236
-0.03965049148158245,-0.48031030148866055,0.16267494837720528,0.7151377201080322,0.6981566155584323,0.006397349467480468,0.033382841075429645
-0.03989368027435534,-0.4802044458364377,0.16261542414769906,0.715021014213562,0.6983069503059955,0.005920994917555293,0.03282205256535945
-0.04027517449899187,-0.4801131671893991,0.1625220972273385,0.7164133191108704,0.6969046701148306,0.005546533142003962,0.03232796292177725
-0.04055372105509352,-0.4798785916372653,0.16247849056895086,0.7169938087463379,0.6963447806114653,0.005561805616388678,0.031510476914767174
-0.04062402155631668,-0.4798721639161111,0.1624576367067162,0.7169219255447388,0.6964299537490911,0.005268473192044898,0.03131337986933079
-0.04053303046199966,-0.4799760236932866,0.16251342441392483,0.7163720726966858,0.6969975307025743,0.005012184375910465,0.031311063243444945
-0.04040692843760635,-0.47994962890017945,0.16260649783802547,0.7151696681976318,0.6982566445389776,0.004989299753263478,0.03074197978960441
-0.04035759968640686,-0.4799163395626737,0.1627018802008124,0.7151447534561157,0.6983017383147428,0.005353223692832909,0.030232389366160593
-0.04054741968199907,-0.47982954078572015,0.16274116456144452,0.7152414321899414,0.6982295061674059,0.005640477503836334,0.029554511360988522
-0.04057825267314388,-0.4796915533739977,0.16279993224561207,0.7154273390769958,0.6980521946672474,0.005975303174061741,0.029174578447489108
-0.04055979351429556,-0.47970111404861426,0.16280645163810267,0.7157741785049438,0.697690344519973,0.006158422764754863,0.029284123430078017
-0.040426271558900786,-0.47956521027713694,0.16306965733821957,0.7166311740875244,0.6968101925240013,0.006968149711094837,0.029098926228125474
-0.040191438613540645,-0.48093816832865677,0.1691351485394781,0.7177563905715942,0.6957496126623735,0.0074739860364864885,0.026501803679129778
-0.038526184535422975,-0.4857388304095062,0.18505717176609687,0.7220891714096069,0.6913172581814874,0.006249917613552356,0.025072440782968507
-0.037114207901880525,-0.48861938714762315,0.1974863943617198,0.7254652380943298,0.6878206048763076,0.005425739320787477,0.023949832519132047
-0.034881996876699045,-0.49230140231700037,0.22054964517717587,0.7324696779251099,0.6804393956490188,0.004136917389890998,0.02175574740100129
-0.033226859711955034,-0.49848359006078063,0.24404739942887704,0.7405214309692383,0.6715099712250884,-0.001391204686209801,0.026466339867674528
-0.03264978017744669,-0.5069898743582394,0.26664716516665715,0.7480329275131226,0.6625846838370061,-0.009899201674639367,0.03647315949239247
-0.03321091355998163,-0.5129003253630452,0.28274862754288904,0.7525249123573303,0.6568501783770393,-0.0169746129110922,0.04433945278797559
-0.03451261171630009,-0.5171409309406455,0.29689156004485956,0.7565944194793701,0.6514847210770113,-0.023308428465624555,0.05088507085558489
-0.034208766744216766,-0.51787618593279,0.30353421538631464,0.7583497762680054,0.6491943068335384,-0.02449268019327114,0.053408642384266625
-0.030852216338154676,-0.5167768281768615,0.3107430097256039,0.7611290812492371,0.6457631622546044,-0.021442596949973726,0.05668086148784904
-0.02560826377035676,-0.5145838718328061,0.3148244425574097,0.7624742388725281,0.644094347045394,-0.015564962490053371,0.059441201682969964
-0.02256302659213794,-0.5135676131077335,0.3153762370182613,0.7622736692428589,0.6442826337249278,-0.01231415051699213,0.06072179672767914
-0.006264479646812089,-0.5115642378899732,0.3154418032436027,0.7532806396484375,0.6539855424232175,-0.0004631477185274149,0.06979216076072896
0.012823688410032627,-0.5078447373381869,0.31304853272562994,0.7345142960548401,0.6745666311465233,0.009617430409273492,0.07318543678450153
0.038213348063877356,-0.5036405916951981,0.3107992854187957,0.7172287702560425,0.6923082004958272,0.020468616005675736,0.07663736049435445
0.06693675389564717,-0.5028339486416975,0.3113734706081723,0.7096094489097595,0.6990894064088975,0.026050138788342118,0.08396297126038559
0.09718301640000118,-0.5026309801317326,0.31213410829985183,0.7118083834648132,0.6961785732778262,0.029281101850034453,0.08835610520466418
0.11806009445595525,-0.5022607594534593,0.31115847688162024,0.7145755887031555,0.693588562828335,0.028747280080692644,0.0865460402685392
0.1439251194192846,-0.5009100197182037,0.30716076953835586,0.7161195874214172,0.6934250851703095,0.025070688953464655,0.07553680407853319
0.15439849878499182,-0.5002719035870541,0.3046402709498939,0.7147300243377686,0.6956331558983142,0.022128395577360325,0.06903534064856025
0.18272401330197105,-0.5016759333706275,0.29721219564762347,0.7069078683853149,0.7049169530357143,0.010887904630086442,0.057050673699323644
0.20373859514503337,-0.5022388058527183,0.29029049428142245,0.6992372378776713,0.7130282521247864,0.006406039226864396,0.05115586646135634
0.223445401979576,-0.5003088991819108,0.2814970818880297,0.6950214976151053,0.7175318598747253,0.008460392750734787,0.04496221929855897
0.24124936842674724,-0.498560341038317,0.2691374717951354,0.6937336258276494,0.7193123698234558,0.011080061485055562,0.03464954724843097
0.2514396838641291,-0.498198890623557,0.25558214874455454,0.6942159517427811,0.7195076942443848,0.009073027371830156,0.017045469876803748
0.25703665177725454,-0.49914589731123765,0.24332156848321718,0.6930926226632997,0.7208351492881775,0.003454774107938306,-0.002715904971887264
0.2589503723691792,-0.5017013877514197,0.23551857745940308,0.6909556641070665,0.7225733399391174,-0.003801800468582513,-0.021298144107113105
0.257546317773412,-0.5050215896980922,0.23332372308682153,0.689939095663782,0.722850501537323,-0.010051986043244974,-0.0370152447838876
0.254404772671424,-0.5058356527921699,0.23341386451588714,0.6901251790350565,0.7218958139419556,-0.009306206474384869,-0.05007024491292679
0.2539195785489062,-0.5040247382689684,0.23311826445664197,0.6889229229117303,0.7228096723556519,0.0036758728764799335,-0.05401749259617572
0.2548333099555618,-0.5033892391918623,0.23226240552489366,0.6853810540745341,0.7262957692146301,0.019322533978215713,-0.04872264321379219
0.2536198896161692,-0.5042048391968851,0.2307095905362061,0.6860982692039129,0.7255535125732422,0.03218131664324993,-0.04249285431043444
0.2486734792712548,-0.5058945426535703,0.22887259170004184,0.6930998860999807,0.7185420989990234,0.03944315382360617,-0.041881543511820836
0.24409653416936702,-0.5072070549313085,0.22762701982764832,0.7003177123171438,0.7112051248550415,0.042793695335235006,-0.04371615057421644
0.24173948398218562,-0.5087760085395521,0.2276433681978827,0.7040937605431923,0.7074426412582397,0.043314823330807765,-0.04359707513833465
0.24056813587952836,-0.5108326645437619,0.22816782248877282,0.7070961594581604,0.7046467743071031,0.04272492533529344,-0.040773656173839816
0.24101397092533966,-0.5114289905535822,0.22803460007579263,0.7081222534179688,0.703783681158809,0.04208210873612049,-0.038477449824280106
0.24097526106943176,-0.5120306322924594,0.22788869745286888,0.7096487879753113,0.7024360904213176,0.03974432810557557,-0.037450102535308526
0.24084966469937466,-0.5122829042065983,0.22730199203347815,0.7099788784980774,0.7023137484125801,0.03609939772628546,-0.037177895631706696
0.24110671029158243,-0.5126351528411197,0.22644391154196733,0.7073458433151245,0.7052448061277607,0.03275130304822122,-0.03491408960721291
0.2392947496591922,-0.5130921270226854,0.22523626631768176,0.7044536300644927,0.7083227038383484,0.02836225684634094,-0.03492243893430662
0.23585561801458757,-0.5129437962521344,0.2237727079604541,0.7012338063465309,0.7115210890769958,0.024488161844839908,-0.03753968721762307
0.233364288224645,-0.5128897312614565,0.2231135273484886,0.7001996567080223,0.7125106453895569,0.022837323770100424,-0.03908296345628847
0.23254926446300425,-0.5134802342842857,0.22365792142768226,0.6988845309995968,0.7138559818267822,0.022074070268201483,-0.0385069735822192
0.23430122294589834,-0.5148245357512596,0.22434672060097408,0.6969461252547022,0.7160022854804993,0.022600272225709234,-0.03310726738390986
0.23594251506924066,-0.5148042802898456,0.22445424050185123,0.6971266724806822,0.7158886790275574,0.025112876925115952,-0.029785255418300582
0.23716377724190693,-0.5129518240952078,0.22407559076653752,0.6984706488587781,0.7144032120704651,0.02934168793338067,-0.03009814454763541
0.23823586997051788,-0.511999642169527,0.22382830210638463,0.6981357900068902,0.7146638631820679,0.03177239482946312,-0.029197425665852535
0.23860675988925012,-0.5127483035821812,0.22411442905491852,0.697701021675694,0.715158998966217,0.031973716891889346,-0.027175941729577647
0.23829611470195444,-0.5145631687578096,0.22483581668868638,0.69708396039796,0.7158774137496948,0.031127452251382793,-0.02499090618818458
0.23759706833890784,-0.5153268309938438,0.22518402810638385,0.6966747575057267,0.7163029909133911,0.030771578545544732,-0.024645524782738064
0.23649199581134747,-0.5161524242402271,0.2259132623604074,0.6974866339559544,0.7155303359031677,0.030033346065047085,-0.025034419933528864
0.23558997612452517,-0.5174296353766696,0.2270693279669082,0.6972893298768381,0.7157765030860901,0.028904719069335918,-0.02482111342075402
0.23586142586349226,-0.5177669792884976,0.22750524175148926,0.6965771752278906,0.7164928317070007,0.028813453048982047,-0.02424913609106603
0.23691789737903507,-0.5164780855976902,0.2278807040113004,0.6942076613056725,0.7186756730079651,0.030016954412202604,-0.026076709550840047
0.23649559402551404,-0.514640654976378,0.2277654491646823,0.6927737947792595,0.7198296785354614,0.031075503456400005,-0.030724560362748024
0.23614021414293918,-0.51396444125311,0.22744864806348894,0.6923225630595295,0.7202027440071106,0.031034835236266996,-0.03216130550994304
0.23661842918984544,-0.5147564936658982,0.2278465524278922,0.6906724189034613,0.7219224572181702,0.02947514094497831,-0.030509365585316493
0.23814704639115888,-0.5161624395915727,0.22882571384027986,0.6894202069994213,0.7233388423919678,0.02789236949638494,-0.026509431579887294
0.23921331237374516,-0.5163470060686122,0.22931653155360798,0.6896617423561703,0.7231581807136536,0.028051275582769285,-0.0249412630452691
0.24233912176909791,-0.515373374384993,0.23040337495682983,0.69415623738485,0.7188246250152588,0.030654039199345434,-0.02232919956628691
0.24470511951937746,-0.5137093603748707,0.230811363431945,0.6987004617154794,0.7142467498779297,0.03458749020105148,-0.021747682546363035
0.24573037383540244,-0.5121952787682956,0.23043807554379359,0.6988568533845251,0.713979184627533,0.03688157719642329,-0.021738260684570666
0.24595376693501156,-0.511232475417018,0.22952049256328116,0.6984346842097725,0.7143720984458923,0.03781704668717198,-0.020769237687789547
0.24557100484154587,-0.5092065571239925,0.2280153776413836,0.6997612002885131,0.7129172682762146,0.04005408679237636,-0.021883936955599332
0.24392486869927626,-0.5081662948577198,0.22680802686073986,0.7035379559192299,0.7090149521827698,0.04176180904464465,-0.024251384788872784
0.24131591632080165,-0.5075382855544255,0.22565147455701334,0.7067898511886597,0.7055930665799774,0.04235155155236553,-0.028158379649770898
0.24030767808948053,-0.5071238452987482,0.22500142649790825,0.7073140740394592,0.7050092974907662,0.042392865868981826,-0.029521183046312464
0.23997802128439508,-0.5060086184806114,0.22426010198902183,0.7052376191590416,0.7070170640945435,0.04272936673692121,-0.030675834246467183
0.24024572793217883,-0.5065998893062291,0.22432080971541096,0.7041891759609068,0.7081551551818848,0.04246611037740379,-0.02881792520302114
0.2413026125813331,-0.5072342035898231,0.2247791783084762,0.7042350428180529,0.7081950306892395,0.04265508082217083,-0.02633075069125854
0.24276219556272274,-0.5062300859917975,0.2250246507260841,0.7058341533974531,0.7064793705940247,0.04479613973954808,-0.02604560337578946
0.24424646469740252,-0.5064796944549544,0.22573349130284465,0.7054530110653426,0.7068878412246704,0.045419459759962644,-0.024140012954719983
0.2451902885707337,-0.5072463986367285,0.2264093658597719,0.7049349722814909,0.7074803709983826,0.045208487824624055,-0.022235695107287658
0.24556328809847017,-0.507933391690189,0.22687970855502476,0.7040260368542464,0.7084557414054871,0.04458540168360729,-0.021210888501966025
0.24535527112913103,-0.5077699611169028,0.22668423615472041,0.704033824985599,0.7084402441978455,0.04455256191406601,-0.021538429482085654
0.2447921182918154,-0.50737754905725,0.22557230833351266,0.7035253594242418,0.7089612483978271,0.044193038221769745,-0.021748796148889075
0.24395923817775117,-0.5083653575029885,0.22076824333539685,0.7018098700318833,0.7109531760215759,0.04165082349929362,-0.016544977698661516
0.24284736468730692,-0.5098030578470969,0.20986635185686106,0.6981096503473969,0.7149653434753418,0.03779031348341773,-0.006276893882456667
0.23976400537785408,-0.508445443769865,0.19489629134593922,0.6960532336149745,0.7170801162719727,0.036025255617916654,-0.00286630950440234
0.23587935150513595,-0.5069134686525463,0.1815944696681921,0.6940925189919543,0.7190208435058594,0.03490178234500047,-0.0051408884865818735
0.2338224666260997,-0.5080966586095061,0.17355062160970416,0.6937464193072866,0.7194229364395142,0.03354585742056425,-0.004608398832019125
0.23308242501787022,-0.5131364676800785,0.16381169134722265,0.6956322446646541,0.7176949977874756,0.031751148550194536,-0.0012338910224976038
0.23383583967067298,-0.5166094924198867,0.1591358459668199,0.6981208810206215,0.7152575850486755,0.032071709549688486,-0.00229100076818193
0.23462426089411564,-0.5191933413529466,0.15687276631650943,0.6994782204703434,0.7139063477516174,0.032284375622943735,-0.005066649001563886
0.23608003651792472,-0.5207748393857882,0.1543798135541184,0.7019098546112204,0.7112550735473633,0.033917997941143405,-0.016979979950468002
0.2373910865090528,-0.5217712492159167,0.15313935255604041,0.7041236712508543,0.7087632417678833,0.034117821088987886,-0.02646633095211151
0.23869291864039008,-0.5251377527326917,0.15249788641302625,0.705461242042573,0.7074595093727112,0.031205389750049307,-0.029183423898767866
0.23990247026016612,-0.5263101501392693,0.15186830387073316,0.7042476832600719,0.7086101770401001,0.029586088628696407,-0.03211677879925935
0.2403889361823888,-0.5247546671676555,0.1497190050749268,0.7028164450208235,0.7098433375358582,0.029961430537222992,-0.03568976539277656
0.23923262866109724,-0.524892526674404,0.1476515109054707,0.7041494734369187,0.708482027053833,0.02968554697462272,-0.03668089879233944
0.2385561410309039,-0.5255157441996703,0.1471208594400308,0.705594989040016,0.7070989012718201,0.029236570388668583,-0.03594501163960195
0.23888692275748594,-0.5256914091057779,0.14731869013771337,0.7065468430519104,0.7061498657219379,0.03023510534724525,-0.035068173801773635
0.23877953012478137,-0.525674447798406,0.1472185603504552,0.7047825740235758,0.7079154253005981,0.03025514447161661,-0.03495580711433046
0.2383926944445343,-0.5258796947425087,0.14711739688932837,0.7034619368122806,0.7092430591583252,0.029955375365032948,-0.03490317498110775
0.2383944263430022,-0.5257973224619389,0.14710327754150335,0.703415528535419,0.709279477596283,0.030177955706039743,-0.034907056991796914
0.23850196871814572,-0.5256594002459557,0.14713786483260308,0.704076821752198,0.7086020112037659,0.030653984297952547,-0.034918809188715906
0.23851989335197837,-0.5256822627682041,0.14714821990113322,0.7040404656166177,0.7086412906646729,0.030637205170193298,-0.03486965535970518
0.2384828785444784,-0.5257597452431074,0.14714151943989545,0.7029972664779569,0.7096966505050659,0.03030089883807151,-0.03474716996740196
0.23846647844456992,-0.5257373043103004,0.14712257282310864,0.7018739703870911,0.7108200788497925,0.030119347396082807,-0.03464941574515735
0.23844046399022634,-0.5256665027842111,0.14718773808424307,0.701403855345438,0.711283802986145,0.03010204023120215,-0.03466779633449077
0.2384119283727092,-0.5256076660223462,0.14717802610720487,0.7012219245822331,0.7114617228507996,0.030076640394487535,-0.03471966497227968
0.23845088749600166,-0.5254715524151841,0.14711573473339135,0.700609623290391,0.7120637893676758,0.030139292333222784,-0.03468297760131445
0.23864624271460297,-0.5252339954016848,0.1471038874453634,0.7004765239171219,0.7122066617012024,0.030287158766456677,-0.03430729057274197
0.23873390656340865,-0.5251174812861773,0.14709082269272486,0.7004067204330529,0.7122802734375,0.030355572229485154,-0.03414368868548692
0.23874516860571485,-0.5255284018802396,0.14704888504302366,0.6998546902212366,0.7129010558128357,0.02977330959389933,-0.033001329154334895
0.2387410326601867,-0.52551021715823,0.14703578872954315,0.6997765660222944,0.7129787802696228,0.029748293094885907,-0.03300111930788296
0.23874916256324633,-0.5254142326087902,0.1470194799667522,0.6997948666560994,0.712954580783844,0.02982793905759482,-0.033063487692854054
0.23881279828677715,-0.5252127490624328,0.1470157564138258,0.7002890298996816,0.7124508023262024,0.03016133618368372,-0.033157661687674124
0.238811511486961,-0.525139990400865,0.14702873454345616,0.7003231586461658,0.7124137282371521,0.03020918305194671,-0.033190165206599065
0.2387814886732309,-0.5248968142760689,0.14700545872388493,0.7002321421951332,0.7124919295310974,0.030270843692967307,-0.033374386616861366
0.23878894114056706,-0.5244039970839396,0.14701198792157166,0.7001526123093295,0.7125492691993713,0.03042841891228028,-0.03367468314656361
0.23881480371702443,-0.5241453816832518,0.1470218157968789,0.7000000666799834,0.7126899361610413,0.030507002824858395,-0.03379745835511553
0.23892276267658144,-0.5246479463213856,0.14701289519095623,0.6989310864006498,0.7138394117355347,0.029627229581974907,-0.03241727426772406
0.23892277007724802,-0.524837489729936,0.14692710613006785,0.6980128621328413,0.7147919535636902,0.029042954103366846,-0.03173388994823813
0.23893294391923248,-0.5247301095645872,0.14688973706744768,0.6978667471601421,0.7149375081062317,0.029028492405900455,-0.031680848517981364
0.23893246055551676,-0.52474472740552,0.14690531146268296,0.6978855580334099,0.7149186134338379,0.02903908344791406,-0.03168302776190724
0.23886905319808088,-0.5248529875305907,0.14692771907849175,0.697575134683548,0.7152252197265625,0.029020988620238542,-0.03161585636176934
0.2389701565172712,-0.5254485917997024,0.14716137652905095,0.6976543767146539,0.7151891589164734,0.028782770842788317,-0.030893449196067648
0.2390839711934467,-0.5256669877161779,0.14721714704058783,0.6977293260711196,0.7151368260383606,0.028788274273500995,-0.030402790175255948
0.2389957927310732,-0.5256810152150795,0.14720453126784558,0.6974398900086533,0.7154121994972229,0.028921059020518346,-0.030439315935130364
0.239025159570915,-0.5262590902713646,0.14842931640669552,0.6975303297858764,0.7153292298316956,0.028914835416683327,-0.03032253279249221
0.23915792746853942,-0.5286784163301766,0.15515423768710013,0.6987444105903976,0.7141458988189697,0.02801264463310537,-0.031098864883283377
0.2403450376117449,-0.5288487758395227,0.16747404267803598,0.7002510545090986,0.712361752986908,0.029097346788775146,-0.03664092747882284
0.24212435353408318,-0.5269764776460273,0.1832067505516782,0.7001909274601326,0.7119669914245605,0.030348272381705153,-0.04375669218830624
0.24421591741321844,-0.5253978382387157,0.20229911900981998,0.6993055458883967,0.7126827836036682,0.028693287077854672,-0.0472405751531994
0.24581620502841292,-0.5254639375815496,0.2182026043065278,0.698536925679394,0.7137553095817566,0.02438961676496062,-0.04477312668825658
0.24801558910614144,-0.5265539386713053,0.23994226488098297,0.6967112568722266,0.7163642644882202,0.01596685918882427,-0.03406999452256379
0.24893159356336647,-0.5247953848802209,0.25404932448491185,0.6954038658024091,0.718049168586731,0.010797967413291809,-0.026500102898451984
0.24863285574673552,-0.5201211713381467,0.26304742154720895,0.6940246656928701,0.7195125818252563,0.007736101834778464,-0.023907220250771494
0.24652296255789166,-0.5159773550046004,0.26878822830154275,0.6927836064459956,0.7207596898078918,0.003531270278809318,-0.02332052843707924
0.24413004074269426,-0.5153456803143164,0.2731204982216579,0.6875758946790792,0.725884199142456,-0.003814386929467939,-0.01780406833785553
0.24339836957272792,-0.515233362440616,0.27479742538054225,0.6832652168221175,0.7300031781196594,-0.00717087049625924,-0.013878114866560199
0.24271684201319615,-0.5126242449388159,0.2762632391658571,0.6801559244015866,0.7329617142677307,-0.008730745320373871,-0.00887984286846975
0.24294197156037156,-0.5100166296942675,0.2758768289961138,0.6822413433116582,0.7310769557952881,-0.005018205903000245,-0.006932386807022236
0.24365847406028435,-0.5092931432940748,0.2752389347394033,0.684584809645959,0.7289199829101562,-0.001274693545238141,-0.0042030605780725054
0.24403876655529558,-0.5100362366748458,0.27527072469441427,0.6864512443023331,0.7271746397018433,0.0008798924501924742,-0.0009872314906485718
0.24360305964188286,-0.5114931822797681,0.2757336259332652,0.6848527029533633,0.7286809682846069,0.00044006472585847873,0.0007972986209597654
0.24168752110158018,-0.5121403113126164,0.2754173995391695,0.6854088309191438,0.7281582951545715,0.0003469473402548099,-0.0003094393613998311
0.2396761119901681,-0.5127024196441677,0.2749844663692353,0.6872575012180434,0.7264118790626526,0.0013248957255622155,-0.0010737203875997045
0.2382453136140628,-0.513122368216644,0.2747963297149606,0.687959853925597,0.725743293762207,0.002336589616162905,-0.0015521986803079951
0.2351903212304449,-0.5147719316680249,0.27492869107615053,0.6867087401500396,0.7269238829612732,0.0032721628119360313,-0.0014309885190216583
0.2317480694059945,-0.5172076564144049,0.2755021526461605,0.6856465162727268,0.7279273271560669,0.003199596232764062,-0.000677520748349735
0.2263942569676039,-0.5183035076933143,0.27524590839204166,0.6845053961463521,0.7289852499961853,0.0035524140850786952,-0.004503066020242599
0.21964526754283623,-0.5181460032060773,0.27430747037514913,0.6836383764139171,0.7297136783599854,0.005565335389686098,-0.011205932724150474
0.2118383503512479,-0.516778641318941,0.2724623975476256,0.6817561166968921,0.7312650680541992,0.008124781607457218,-0.01984854873755404
0.20283300880892047,-0.5156260551128058,0.27002632290139883,0.679892633249007,0.7327441573143005,0.009743033681897995,-0.027149840145988695
0.19049236498444747,-0.5151970076082185,0.2663728206075198,0.6771951022660307,0.7349568605422974,0.007430547821750289,-0.03449625579339804
0.17246111567448025,-0.5155767419978153,0.2613173897691491,0.6742701082444812,0.7371453642845154,-0.00025736265584412843,-0.04445756811310267
0.15816123903877422,-0.5159071975962163,0.2581272107176376,0.6749639003841846,0.7360233068466187,-0.0067237819371872756,-0.05146056688256194
0.1330278309003812,-0.5139573880815062,0.25622536427487347,0.6838571886789591,0.7269248962402344,-0.013415386571134945,-0.0611519478124998
0.12018920923452497,-0.5115189179732864,0.2583527657755587,0.689838355319136,0.721290647983551,-0.014827378753843169,-0.06035727254700908
0.11342775455845558,-0.5071140583640282,0.2595760143136997,0.6922932385866424,0.7193683981895447,-0.012014920282573074,-0.055631267765995744
0.11109532227662747,-0.5000718199285242,0.25892883897678587,0.6938751853964028,0.7184521555900574,-0.004765005772694262,-0.04838393758028702
0.11281161092568984,-0.4958254599875303,0.25772924520288326,0.6942039327814441,0.7190224528312683,0.00018101829275020255,-0.03297805336481323
0.11480723065398415,-0.4931757675577111,0.255684675879995,0.6940304322900501,0.7197557091712952,0.0022032741660900496,-0.01639023208861487
0.11446727795670329,-0.489560832573776,0.25264530560921195,0.6929102129160993,0.720944344997406,0.003631485159632276,-0.010073572659626709
0.11232447919959164,-0.4852154951504116,0.24969452606864076,0.6917045011363644,0.7220441699028015,0.005888211927077754,-0.012745192284085018
0.11159617230769113,-0.48411793026834604,0.24874275847886868,0.6900338493003145,0.7236335873603821,0.005882467336653279,-0.013157381773053789
0.11116927258000596,-0.48591125625860543,0.24865602761085842,0.6869427410493018,0.7266520261764526,0.002686998591563557,-0.008906181594626354
0.11078139426363069,-0.486633518389308,0.24865395174031932,0.6856842424118043,0.7278555631637573,0.0016252848131723962,-0.00779568252835256
0.11047563912543036,-0.4853762839262127,0.24808865033665028,0.6850630731475942,0.7284154295921326,0.002836545113199821,-0.0095679279976962
0.11056566790885146,-0.4848051871060412,0.24787673303092606,0.6845747555985449,0.7288640141487122,0.003784847738077134,-0.010017613709128596
0.11061501972907896,-0.4842964487375317,0.2476272765136646,0.6833896719707775,0.7299677729606628,0.004306959845269686,-0.010346072810940103
0.11057020837460496,-0.48424161863408194,0.24758376003144733,0.6819748706784872,0.731288731098175,0.004333489684560797,-0.010405727774057192
0.11063775354986422,-0.4841834772852139,0.24757349553727567,0.681839536087757,0.7314145565032959,0.004387403027172176,-0.01041003735718463
0.11053758279745843,-0.4841992056501965,0.2475504275353544,0.6819068183104577,0.7313512563705444,0.004350977708947312,-0.010462383513057777
0.11012898079312324,-0.4842962780220584,0.24743899398828048,0.6821781774293287,0.7310966849327087,0.004183958640066269,-0.010632126833489491
0.10987818813568537,-0.4845585823418945,0.24739835628480134,0.6822071061030347,0.7310769557952881,0.003858355262672255,-0.010249855572380596
0.10970313846306919,-0.48486352278415906,0.24748249351435822,0.681692598305803,0.731561005115509,0.0034891539363302053,-0.010076814732005454
0.10969559490863592,-0.48493341772460297,0.24751640568224115,0.6817043613150212,0.7315509915351868,0.0034257671417149485,-0.010029489465088063
0.1097258133516799,-0.4851179991275207,0.24762145192360674,0.6817391647714389,0.7315213680267334,0.0033226269592766277,-0.009856593663548333
0.109724870932713,-0.48510304315647923,0.2476128154539972,0.6817356282283749,0.7315244674682617,0.003331544825517536,-0.009870465629073897
0.10949704833862069,-0.4845159285848479,0.24734057133482396,0.681375995283949,0.7318428158760071,0.003511932127113734,-0.010976564654351022
0.10943186548210104,-0.48409574160092705,0.24710128532060766,0.6803518634710739,0.7327853441238403,0.0038122105499594095,-0.011508132589015391
0.10955976422809913,-0.4845295493074671,0.2473422170950447,0.6806990641767434,0.7324705123901367,0.0038404054047227153,-0.011000938494414986
0.10980290676123995,-0.4841199989456674,0.24697804163872822,0.6816686630512034,0.7315590977668762,0.005308551482266918,-0.010998270287297579
0.10970780251969094,-0.48327737338888044,0.24611702551960668,0.6825678764213388,0.730695366859436,0.006946020448949994,-0.011709571277970406
0.10948488581421574,-0.4829209793662792,0.24562185888445584,0.6828579264067517,0.7304108738899231,0.007635619489566967,-0.012113240827468279
0.10970708211332984,-0.4828205885216721,0.24516038667458576,0.6817427678976403,0.7314615845680237,0.00800598017268808,-0.011252439549926677
0.11014003780180193,-0.48310298886524794,0.2450515550369355,0.6809921603695894,0.7321876287460327,0.008026007908890227,-0.009301194794466026
0.11016310435318255,-0.48292160991656585,0.24463819111208807,0.681209768884723,0.7319976687431335,0.008069381985324699,-0.00821632049094183
0.11049909081547318,-0.48293048076933937,0.24431210220309366,0.678919330397052,0.7341433167457581,0.007743226420038643,-0.006493314393830587
0.11072033255002343,-0.4831538324493416,0.2441866337854554,0.6781291812603576,0.7348880171775818,0.007377168596245108,-0.005096548606668434
0.11070218276088914,-0.48275737911852057,0.2439401857945538,0.6781478552636924,0.7348666191101074,0.007658527259711675,-0.0052839131499108375
0.11026434657003745,-0.4822868175600339,0.24354922213746721,0.6778894478809769,0.7350989580154419,0.007789368457716961,-0.005896080309730554
0.1096333424959714,-0.4818340145813541,0.24311245567122422,0.6757214393536939,0.7370856404304504,0.007844797050708658,-0.0066152747589357415
0.10918788309079487,-0.4814910568761947,0.2427622274759923,0.6747657534828518,0.7379562854766846,0.007893455271672662,-0.007028696256521651
0.10879159445846412,-0.4809268567581486,0.242291151083762,0.6748251389657572,0.7378953695297241,0.008064512719136588,-0.007510368632338335
0.1084469266545282,-0.48086307638367365,0.24196260843715311,0.6754575009418897,0.7373232841491699,0.007810827839151477,-0.007109348894596452
0.10843828894539677,-0.4808570303250621,0.2417283463322649,0.6756357939246602,0.7371695637702942,0.007570223961953187,-0.006322342532804329
0.10853577158007115,-0.4809037828371007,0.24159247835334594,0.6757480537369625,0.7370748519897461,0.0073718831617938735,-0.005561017468750619
0.10849787240076915,-0.4808858218797024,0.2415278500290339,0.6759056113459417,0.7369316816329956,0.007325545155736875,-0.00544645997414188
0.1082360130287613,-0.48038725399160115,0.24118497649749504,0.6760008552361472,0.7368380427360535,0.0075405391400969754,-0.005971823297448237
0.10768523699038172,-0.480504392439552,0.24111712423033307,0.6767084724512227,0.7361888885498047,0.00725116055380919,-0.006244604809485654
0.10627436360810637,-0.48137959079853276,0.24120310668914666,0.6770684868349405,0.7358675599098206,0.005837440739975943,-0.006569719183535291
0.10527542055213861,-0.4819094289127274,0.2411969030349458,0.6751725419210106,0.7376121282577515,0.004686518399049008,-0.006960269517047797
0.1034247292867981,-0.482523127005409,0.24136752399551914,0.6726526111228724,0.7399082779884338,0.0024461789050260357,-0.008259911583379308
0.10231226755336859,-0.4827194106146687,0.24153396042177813,0.6724683033143584,0.7400645613670349,0.0014321670173139546,-0.00942285431510817
0.1021470222215511,-0.48184400510242653,0.24115667341857358,0.6723482695856725,0.740155041217804,0.002083743710532702,-0.010675178696170405
0.10322155677148638,-0.48046784628590533,0.24086757179555116,0.6723730203946566,0.7401162385940552,0.004166235665861478,-0.011184188066548407
0.10591007829380059,-0.4788872482347202,0.24106737664104794,0.6723145544828166,0.740145206451416,0.007689231311674344,-0.010913217183523014
0.10827814180612265,-0.47787226907105423,0.24139361034898282,0.6724699894513028,0.7399786114692688,0.01060467347434499,-0.010162503445766186
0.10918163396420849,-0.4778756607728459,0.24162316721273486,0.6720308736399967,0.7403768301010132,0.011331501408892134,-0.009394251319546356
0.10985532091542137,-0.4794285527901124,0.24204047922562336,0.6697263827602431,0.7425076365470886,0.01039204980659547,-0.006400499615327163
0.10885160945478978,-0.4800154951086826,0.24155841947733547,0.668774323136309,0.7433750033378601,0.009801825861619802,-0.006198219901873795
0.10695049965385973,-0.4800013084794065,0.24028003273753593,0.6692066483097264,0.7429854869842529,0.009368189475462366,-0.0068735806078712115
0.10343285244229018,-0.482239163211382,0.23655101641058343,0.6715764514996538,0.7409007549285889,0.006388638499948416,-0.0032130131993783253
0.1006203231973575,-0.4814847053329424,0.2301776864255482,0.673696071222143,0.7389621138572693,0.0076528411654684745,-0.003162441955815668
0.09839363699513258,-0.47952259800266134,0.21531674586233268,0.6771889744901144,0.7356923222541809,0.013097014309903343,-0.0006205989571311916
0.10142788255421463,-0.48445425996118285,0.20214416421353365,0.6742557217751773,0.7382115125656128,0.01308060356318156,0.015871505647127054
0.10398846981561781,-0.48701924689607523,0.1902628827179393,0.6732976920170551,0.738864004611969,0.0177356398947755,0.02087280625857288
0.1040880638059451,-0.4878089179530399,0.1832460927174006,0.6813126381364116,0.7314093112945557,0.02437376581699622,0.016106897942185873
0.10430366530358083,-0.490477770816093,0.17987952369672489,0.6955598092053871,0.7177377939224243,0.030533318025236875,0.01080307052274406
0.10415086439506517,-0.4938041082921596,0.18081045791905334,0.7093859910964966,0.7039301372961145,0.035282430226597924,0.0030008403990723397
0.10322187028543661,-0.4940757530325146,0.1826269608785411,0.7160053253173828,0.6969393390426339,0.03946200016721254,-0.007395683661762102
0.10295872524000388,-0.4918910290534264,0.18289559186098847,0.7167456150054932,0.6958138261142521,0.0432616486431532,-0.01572460333037011
0.10372058321280615,-0.49184823178026416,0.18262621078233193,0.7159060835838318,0.6966964983338841,0.043319923838487435,-0.014692170042274143
0.10556596740730531,-0.4938000031767265,0.1823662976422703,0.7154386043548584,0.6974312998324173,0.04115348616526473,-0.006599364891947945
0.10641679036981826,-0.49291531568637026,0.18143978622794657,0.7132812738418579,0.6996757329257743,0.04070895380224934,-0.0051442248046280606
0.10539251490723021,-0.49116583199936015,0.17974168000805993,0.7112342715263367,0.701759313042568,0.04023241742806705,-0.0078107804297438055
0.1033142569155123,-0.4906797775396457,0.17638393825672732,0.7080570459365845,0.7051339256886067,0.03701701328404131,-0.008433507794420602
0.10284697080679253,-0.49028962025510947,0.17401182387381173,0.7077164649963379,0.7055173261184927,0.036341905626454264,-0.007871170886226308
0.10336712123262956,-0.4894738036882969,0.1726541509989316,0.7092700600624084,0.7038977162748316,0.03744027737940914,-0.007886951799349609
0.10393035410261374,-0.4896315107258273,0.17227840655601323,0.7090120911598206,0.7041643450324634,0.03752717882861253,-0.00679076795982954
0.10501075899677444,-0.4900516228586589,0.17101206037969158,0.7067887187004089,0.7064771319578171,0.036380987142054524,-0.004026062830875251
0.10470382809470997,-0.4890576774750512,0.16925186232468975,0.7057272455782954,0.707531750202179,0.0364136408086574,-0.004685118573880459
0.10390056454060073,-0.48975516560253557,0.16804446657488964,0.7054858332075705,0.7078654170036316,0.034716400404751366,-0.0033253609311619764
0.10348227029288135,-0.4917056531619244,0.16780829327289237,0.7057157961746314,0.7077820301055908,0.0317770859839419,0.00010750761503998235
0.10351324601020447,-0.49143398823932666,0.1677081776953855,0.7050800565753648,0.708422839641571,0.031608965430171464,-0.00017886130202992355
0.10350887490931533,-0.4900228660675892,0.16724478769581352,0.7038407110996555,0.7096373438835144,0.031936106067402596,-0.001787438430816848
0.10331245079604674,-0.49058544703313317,0.1673260856747601,0.7031739819206542,0.710348904132843,0.030809392244003315,-0.0012627120545986715
0.10333977104554855,-0.4906514818885134,0.16729921550918658,0.7027198734576361,0.7108160257339478,0.03040281353657267,-0.001006644311974874
0.10357148492364375,-0.4901920406468285,0.16718732916839715,0.7025073103040473,0.7110098600387573,0.030773728203343,-0.0012022938736675091
0.10347460982690511,-0.4902797400120705,0.16720047133399615,0.7026210139868789,0.7109013795852661,0.030683821809211267,-0.001193247052823729
0.1033009228587829,-0.4915329062127206,0.16759164180069308,0.7020911841355882,0.7114812731742859,0.029366407331118324,-0.00010088823825364553
0.10294616864530806,-0.4917735867008154,0.16762747501790606,0.7003246308031432,0.7132668495178223,0.028205679285911504,-0.0005052068295840391
0.10259170920429232,-0.49027755228806097,0.16719272043814015,0.6999017209832781,0.7136391401290894,0.02911941770723478,-0.0029753323321222705
0.10248025075400678,-0.49019846687927154,0.16715797600808546,0.6998958945433067,0.7136443257331848,0.02911266899190802,-0.003154668887574334
0.10248373336168604,-0.4909562365719382,0.16745353866622267,0.7001148221740582,0.7134501338005066,0.02866480087638934,-0.002549976293027222
0.10245657050828381,-0.4908861092471839,0.16741855764321434,0.7001573064099569,0.7134066820144653,0.028700487698271417,-0.0026368305666928777
0.10235126280878272,-0.4906255997959126,0.16739000877597304,0.7001847593808176,0.7133678793907166,0.028927199958684806,-0.0032802358444784063
0.10241190868043912,-0.49083777833253434,0.16748083434832214,0.700406734985221,0.7131483554840088,0.028988605363057425,-0.0030790077795826896
0.10247528694044417,-0.4909379652290902,0.16751955353101408,0.7006489408951883,0.7129046320915222,0.02914558495869053,-0.002922300178865651
0.10262548063433521,-0.491314930045797,0.16868631550504581,0.6997426142471067,0.7137889266014099,0.02926443812313759,-0.003040098192293834
0.10292339374255284,-0.4927320894225174,0.1783228750040089,0.6980793617156092,0.7153733372688293,0.02899255320364415,-0.009253186578364337
0.10454260882732831,-0.49416428274934243,0.19686763781791808,0.698225724751067,0.7150461077690125,0.028779170199160875,-0.019016561097335873
0.10758739974991358,-0.4953783899282152,0.22498435937188246,0.6999960980402523,0.7130981087684631,0.02695057485608484,-0.027752858519156633
0.11142655653537782,-0.4960060940414387,0.2515700177699318,0.7005235728002802,0.7127203941345215,0.02229075844032754,-0.02827485689308988
0.11611559234068544,-0.4950816281349003,0.2746138578020829,0.6966548888867601,0.7169603109359741,0.014188839039988082,-0.020940930777771618
0.11918980576766684,-0.4924377323256105,0.2895798955485656,0.6894819717744464,0.724168598651886,0.005048545174083867,-0.012999754127337683
0.12028829031010453,-0.48924504027185295,0.2963117517359075,0.6862455842724023,0.727308988571167,0.0001993188385405932,-0.00941257765713533
0.12125037117188406,-0.48484928340152716,0.30068015799928416,0.6848939277730708,0.7286177277565002,-0.0034980438650210363,-0.004926891321673546
0.1211156698776053,-0.48127621521799746,0.3003234166243816,0.684012272940974,0.7294479608535767,-0.0055078019135477085,-0.001586883246410479
0.1195428452397536,-0.4797032982063196,0.2981909632976379,0.6842164913234251,0.7292517423629761,-0.005197721716014693,-0.0035650836339130975
0.11924956664240591,-0.4791075544556261,0.2969377862795076,0.6831546548816447,0.7302451729774475,-0.004434430022869971,-0.004696678219948143
0.11950579281298873,-0.4777924523610021,0.2955141173537761,0.681425824043117,0.7318557500839233,-0.002955573514311976,-0.006106555732247784
0.11946711511077583,-0.47796019349696933,0.29495792136140936,0.6810284091660064,0.732230007648468,-0.0030393992855167608,-0.005501076702881784
0.11920065735245412,-0.4799835150234547,0.29545824800833587,0.6815550885341009,0.7317448854446411,-0.005223476850421712,-0.0021845134224841296
0.11931974475512572,-0.4801667397021444,0.29549565962357077,0.6818781930117437,0.7314440011978149,-0.005339368421286093,-0.0018140283126004972
0.12042655759511349,-0.48059042126653945,0.29568587084812864,0.6812636812369544,0.7320181131362915,-0.005372118287336975,-0.0006158792048956365
0.12669837090411745,-0.4837437804155623,0.2971267598820563,0.6777446489505498,0.7352263331413269,-0.006691048009410016,0.007725994693810066
0.13237630641452058,-0.48473678286214156,0.298126336760378,0.6753405520853277,0.7373975515365601,-0.005944676781857387,0.011164930279764972
0.15279858131975943,-0.48479811361007125,0.30066192039111883,0.678036532337063,0.7348909378051758,-0.0002585050488172359,0.014202710543066762
0.17817365150080872,-0.4825883754347112,0.30222638916135064,0.6840719066060817,0.7293089032173157,0.0059698747379654995,0.010886297173469636
0.20490650688220027,-0.48304680349225215,0.3033120351326615,0.6865091772286296,0.7269227504730225,0.007858047548324299,0.015056578741640517
0.24067562312009888,-0.4831079905126451,0.30209330938903034,0.6932818784739246,0.7203038930892944,0.011764813551850233,0.01959917964323765
0.27033735187241476,-0.4814008214792906,0.2983396277296848,0.6967303653438839,0.7169396877288818,0.01589053630097771,0.01765712896121161
0.29825264135545115,-0.48116344268090605,0.2932544924855139,0.699930267846062,0.7138182520866394,0.01816645579522498,0.015201769377622902
0.3226065812128356,-0.48280067438028895,0.28772998650896475,0.7021433520164183,0.7117273211479187,0.01730571591137349,0.011809871523887952
0.3481812380615431,-0.48585859323612535,0.2815149756570714,0.7003116186447704,0.7135657668113708,0.015949141660785825,0.011538388975413497
0.37101052715296146,-0.48841255051481663,0.2756558054895591,0.699702206595825,0.7141018509864807,0.017267957455619293,0.013311160441759336
0.3953093206865631,-0.4911561132441409,0.26787332618587223,0.7019971327463921,0.7117446660995483,0.01994327238701293,0.014892439936318572
0.4136095653208643,-0.4944454818372185,0.25871240142096064,0.709372878074646,0.7044279279283522,0.020466757259586556,0.012350634532391528
0.4240431650050351,-0.49673316795828787,0.25038080516733313,0.7125759720802307,0.7013153530007372,0.018478642176379883,0.007129265077638036
0.4383476930789755,-0.497122044144286,0.236285606547219,0.7087214589118958,0.7053178710539546,0.014844106694873217,-0.004498506921027077
0.44829220458887276,-0.4974413419768894,0.22751470633342533,0.6958669692336028,0.7180116176605225,0.012468803922476585,-0.008544494696139195
0.4546930303006574,-0.49937060005729267,0.2223678031212065,0.6895646810509598,0.7240768671035767,0.011202720401012839,-0.009366293261507126
0.45520481548935443,-0.5000316927015304,0.2200083856917569,0.693394697056352,0.7203361988067627,0.011876920972594341,-0.013360948228319606
0.4511789690519733,-0.500101438867819,0.21634438716429805,0.7087237238883972,0.7048222468143643,0.01756168203081424,-0.025056858299430173
0.44884734349262706,-0.5009930631976023,0.21518114757973297,0.7119298577308655,0.7013980246995385,0.023370979462024224,-0.025505309078532847
0.44847017972016334,-0.5012777602480268,0.2147464574652422,0.7068994045257568,0.7064296578001604,0.028365295163906956,-0.021112662521789408
0.4478796108894274,-0.5018470898294919,0.2139591005176564,0.705958224341685,0.7072480916976929,0.03490709298577331,-0.01430479794590536
0.44605191929775,-0.5023291153226139,0.21274181780357726,0.7121045589447021,0.7008953109288694,0.03874370555251777,-0.012320498696573255
0.4434109604737464,-0.5021591746293557,0.21113423962707561,0.7161431908607483,0.6967599787614751,0.03797537701343928,-0.014909708975020386
0.4412666799351145,-0.5009498724292208,0.20933294907492428,0.715742826461792,0.6972594294939283,0.034401024847000305,-0.01892347164455454
0.4405110760478223,-0.4996609896692965,0.20784998412806122,0.7132354378700256,0.7000134002060411,0.029413921434690134,-0.020279944554767698
0.44059109983658296,-0.49899652010543205,0.20698950211804654,0.7121530771255493,0.701293949299356,0.025328070919934616,-0.019576823258506935
0.44126663526089427,-0.49916296720047953,0.20694383972576155,0.7130692005157471,0.7005725429004003,0.021231767843992302,-0.016722802447992215
0.44200118510273656,-0.4990927742113293,0.2080521761762512,0.7127179503440857,0.7009896842554785,0.020192947233785483,-0.015455354715054487
0.4425565021025069,-0.4985706787461306,0.2090708927382106,0.7130167484283447,0.7006608706154768,0.020940794078777674,-0.015586002991228056
0.4429856608812606,-0.4981946745431335,0.20936877621883898,0.7129763960838318,0.7006774096009087,0.021785089401921434,-0.01553149716003449
0.44249803375859337,-0.49952047155252355,0.20801545276288835,0.7131486535072327,0.7005786858155184,0.020963424937108135,-0.013000855017499657
0.44155979467690365,-0.5014292082256528,0.20383011034593837,0.7128627300262451,0.7009860954404903,0.019458946414073773,-0.008158407347970109
0.4401536606307172,-0.5034401444085022,0.19365051012034282,0.7124131917953491,0.701530099732457,0.017970374090328263,0.00026091405526677716
0.4375730318105697,-0.505269595994905,0.1850733780829489,0.7116250991821289,0.7023766837067837,0.015538884298357841,0.003908958138594586
0.43468532771380286,-0.5060977263625687,0.17849519281905613,0.7107694149017334,0.7032835215652822,0.013778242555794684,0.0030468663948660037
0.43241204019225554,-0.5073387612084092,0.17285130589035877,0.7094404101371765,0.704636064552403,0.013134238455467948,0.003129892152240948
0.43190128195985183,-0.5099216758945562,0.16774850624329607,0.706876026432707,0.7071410417556763,0.013703054170055337,0.009487889821491347
0.43252958273002495,-0.5104550478420565,0.1639073130153955,0.7056287412153256,0.7082615494728088,0.016568483633328253,0.013384424317736421
0.43253652765933265,-0.5102678499440739,0.15947166132561905,0.7068601210561362,0.7069162130355835,0.020813476169642322,0.013601972205109248
0.43129198912985744,-0.5106202974897704,0.15760789024682823,0.7087739706039429,0.7050102670319177,0.021700688467601016,0.01135980060664317
0.4293119048936382,-0.510013321878659,0.15495498084379927,0.708817720413208,0.7050108002329513,0.021845739502461305,0.0077459799334421015
0.42874780762133285,-0.5094420477660482,0.15297240669564113,0.7037005258340954,0.7101014256477356,0.02185077670536683,0.009168155189281452
0.4296531694939024,-0.5095048791413834,0.1520708996744872,0.7019258251287336,0.7117400169372559,0.02287990421275743,0.014239343393669944
0.4290399741258978,-0.5095115949768398,0.15137671359647356,0.7020562895824605,0.711612343788147,0.02262283513392579,0.014596072784270098
0.4272356779150473,-0.5107252081521305,0.15047024792919056,0.7025845230112181,0.7111436724662781,0.02073613602779469,0.01482190513977122
0.42678518810838234,-0.5115801097907873,0.1496998257422501,0.7008793333410815,0.7127897143363953,0.019945019564455296,0.017355595894468074
0.4263693219465192,-0.511743692869721,0.14906968264460504,0.6986349676233486,0.7149654030799866,0.01974801360994088,0.01853920774618071
0.42628394674903036,-0.511809863558866,0.14921440319563783,0.6991035289816494,0.7144942879676819,0.020261089194789927,0.01848416255341846
0.42613640932629454,-0.511509053741305,0.14920205137720158,0.6995221848258834,0.7140964269638062,0.02075328041425835,0.017443841342027786
0.4259485357399098,-0.5116760306094158,0.14920980471213588,0.6996047859430223,0.7140257358551025,0.020507998328003162,0.017314610245675554
0.4263297774091314,-0.5118354285401397,0.1494873465405131,0.6995325807198977,0.7140865325927734,0.020458911475192694,0.017777098368788345
0.4268215682206587,-0.5117620869401251,0.14991899144548357,0.6993179317348402,0.7142850160598755,0.02049360715640602,0.01820394096957599
0.4269659431259206,-0.5116730965881745,0.1500242572332193,0.6992572394412289,0.7143380045890808,0.02064163633447777,0.01828908301276142
0.42684164549175807,-0.5117850637384026,0.15003077538444215,0.6993069080217155,0.714290976524353,0.02057520703391522,0.018301275137007467
0.4264563009142538,-0.5118637487396349,0.14996306137534407,0.6992103571346127,0.7144066095352173,0.020252040438204194,0.01783094308571338
0.42636271125714836,-0.5115999501871455,0.14995838161400746,0.6985044572943373,0.7151170372962952,0.020204053914203907,0.017057635870343476
0.4267497975864684,-0.5112713947973456,0.15017185904844024,0.6969850974746739,0.7165793180465698,0.02083836039113817,0.01707623171461257
0.4269914985003116,-0.5111509325487086,0.15048235354172734,0.6973302258570016,0.7162147164344788,0.02170728673375654,0.017200722859347962
0.42701721753538757,-0.5113198890485916,0.1508829274674671,0.697824103346108,0.7157009840011597,0.022590725860125706,0.01741539098719908
0.4267774260543511,-0.5117508136164105,0.1509519768749274,0.6976889669953328,0.7158283591270447,0.02262918671159951,0.017543351319338957
0.4265288026139043,-0.5117951609363526,0.15078262545409254,0.6975129080419702,0.716005265712738,0.022632198967721652,0.017320537498778838
0.4265319876339527,-0.5116343791254223,0.15068687754966256,0.6976611535746988,0.7158536314964294,0.022989370920589842,0.017144773002072903
0.4265730172208601,-0.511208789020452,0.15052027339591328,0.6977242191752497,0.7157753109931946,0.023771714436323896,0.016779355279367407
0.42672305578445874,-0.5114374232538172,0.15054889619796505,0.6972885632794701,0.7161785364151001,0.023806980572423583,0.017611568846832026
0.42716813425757894,-0.5118742189802037,0.15054391770204345,0.6972964610875406,0.71611088514328,0.02398398777091674,0.019688318622356798
0.4272032596936084,-0.5118928142888182,0.15054288318615405,0.6972850048562637,0.7161186337471008,0.023978624650977866,0.019817796449139377
0.4269395600365742,-0.5118576818169129,0.15052554182733804,0.6972176484411697,0.7162138819694519,0.02365669735659959,0.01911980485907996
0.426398969962426,-0.5119812455967793,0.1504112118539811,0.6971893366002189,0.7162866592407227,0.02295752412707077,0.018258796954452063
0.4256990600093214,-0.5121302621503824,0.15009577751439926,0.6970446824984085,0.7164746522903442,0.021979846535413163,0.017596645916357588
0.4258632117064741,-0.5122416587158333,0.1501263952148075,0.6970321966557144,0.7164704203605652,0.022051580578141685,0.018166563446400375
0.42600506618406014,-0.5123649284342386,0.15015657990936238,0.697040293488734,0.7164461016654968,0.02211391774874214,0.018729529229246585
0.42602580184478683,-0.5123566450564087,0.15016940945059998,0.696996351793382,0.7164875268936157,0.022150597952795097,0.018736677208921776
0.4261360944169366,-0.512239545437941,0.15018700647935926,0.6961197434441894,0.717329204082489,0.022475373447221725,0.01873333746645626
0.42642271800158243,-0.5122603183029861,0.15032905624489196,0.6964301574309356,0.7169945240020752,0.023216065323640272,0.019102145714407704
0.426630047287398,-0.5121719283744974,0.1504093621692279,0.6967913126001695,0.716620922088623,0.023846949213113342,0.01917488362609025
0.4265920298845664,-0.5121572253401556,0.15038826963775023,0.6967396370957396,0.7166706919670105,0.023907643390993334,0.019116717508782417
0.42640160578269537,-0.5121901714402622,0.1503843544628694,0.696810592957196,0.716611385345459,0.023863475563898184,0.018804859461877366
0.4263710399793103,-0.5121087546707207,0.15032647128316115,0.6967248757154247,0.7166966795921326,0.0238767265520191,0.018713572928529175
0.4262714103711671,-0.5118651700665781,0.15015318407839123,0.6966580367497125,0.7167676091194153,0.023921653932133424,0.018426351267087603
0.4260601762946914,-0.511371209176705,0.149797215293794,0.6965366882298331,0.7168968915939331,0.02402080689093153,0.01784528239226699
0.42598248356099555,-0.5112757590456093,0.14970940952577952,0.6965169685667009,0.7169190645217896,0.024032593928937133,0.017709785528545602
0.4259316925684653,-0.5115917305602135,0.14987361740839242,0.6948869883437317,0.7184926867485046,0.02394643519749823,0.01808149486963585
0.4263399228899297,-0.5119393322290655,0.1501769989548994,0.6936419631900451,0.7196574211120605,0.024279715258687724,0.019093255966107395
0.4266901696016,-0.5122946307424305,0.15059420768535187,0.6948669395235004,0.7183995246887207,0.025993322282982376,0.019658054747638543
0.4262544601474338,-0.5129310353593162,0.15109466704121502,0.6971797186752849,0.7160784006118774,0.028306083675057436,0.01925905151576969
0.4258672834821497,-0.5136862309358632,0.15296077242224895,0.6976785691161502,0.7155554890632629,0.029828562507565368,0.018308735807021272
0.4260226171731772,-0.5148296203654164,0.15954921974889502,0.6973875143512449,0.7158326506614685,0.03088185511383217,0.01675069518153971
0.4257991015479355,-0.5161325826294723,0.17178506957000567,0.6995702520040453,0.7137387990951538,0.03203157586561275,0.01234275547075433
0.42554947027389745,-0.5166649261472483,0.18885356030544595,0.7036813834398424,0.7096322178840637,0.034807199110783706,0.00656271719787119
0.42599533258948385,-0.5155197436777589,0.20868944533372136,0.7071202993392944,0.7060378005339479,0.038566685337811955,0.0020205611226661916
0.42619872058978175,-0.5146981972490943,0.229532950729789,0.7083209753036499,0.704790912876524,0.039343595796159314,0.0017941333501568144
0.4251937809597697,-0.5122585776139696,0.2439267748608674,0.7073556184768677,0.7058509105096928,0.03765345171878266,0.0021792852456034967
0.42298354345346867,-0.5082805948085217,0.24883390250325949,0.7058893236185207,0.7074141502380371,0.035835075798706185,0.001166173336085986
0.4209677134218153,-0.5044008116112444,0.24758167867874986,0.7052820010930534,0.708014965057373,0.03594269115811072,0.0004850529694106498
0.41991822211514324,-0.502530207336672,0.24565492722700755,0.7065208091609997,0.7067488431930542,0.03652585171338133,0.0004931585750360036
0.41925336657387535,-0.5003987256977394,0.2430573304922184,0.7090373039245605,0.7041797342549804,0.037376134067606204,0.0002492573241563033
0.4207302576030829,-0.5003748253822305,0.24382199788039452,0.707591712474823,0.7055832091564787,0.038210133409284086,0.0025081355605360185
0.4220778570109075,-0.4996799252941694,0.24467897712990735,0.7047954432130505,0.7083240747451782,0.03909141692397666,0.003505873822223648
0.42278599963637564,-0.4991283022676708,0.24500505379003948,0.7032093501522733,0.7098554968833923,0.039833562032994395,0.00388235338535719
0.42296574261779796,-0.4990112846806011,0.24483581782569805,0.7031259262730345,0.7099213004112244,0.040065827023776944,0.004521121933177225
0.42256367355590263,-0.49961403338577814,0.24472440264910642,0.7035173714487768,0.7095395922660828,0.03987014533270351,0.005216996959825534
0.42185568002855683,-0.4999033148287312,0.24452834168079607,0.7039085123174853,0.7091556191444397,0.0398372653961075,0.004912239877388051
0.421391819110927,-0.5001279132774309,0.24459991378840992,0.7042327624905812,0.7088093161582947,0.04027550903518342,0.00484268875697236
0.4204023472951694,-0.5009108084460546,0.24526499464055604,0.7029360670530418,0.7100620269775391,0.0408098686144379,0.0052323863648944475
0.4172269175841512,-0.5036782784637766,0.2476288582079363,0.703479970401868,0.7095751762390137,0.03977031275729574,0.00610604967536175
0.4103268095226798,-0.5087502511793341,0.25287701215539077,0.7064741487223936,0.7067528367042542,0.036805898901984296,0.006324463661342931
0.39924869864521056,-0.5137896783868509,0.2601989712060282,0.7099063992500305,0.7035202391074238,0.03287441400319301,0.0033883301920596
0.3761370717832987,-0.5202652703679926,0.2679615654257778,0.7135804891586304,0.7001101911241917,0.024988880843721795,-0.004917626226120042
0.34794489351398306,-0.5270704112235814,0.2717485477611973,0.7119662761688232,0.7019429751038916,0.015596424462847308,-0.011697997932951842
0.3151136130997013,-0.5346076530811912,0.27458229429560804,0.7064832546712672,0.707517683506012,0.006865074656464314,-0.015905173533611396
0.27811118533839285,-0.5418467493349082,0.2763965672543036,0.7020467131648161,0.7119157314300537,0.0004347620811180882,-0.017498058040160934
0.24102270774494458,-0.5475642821493347,0.27613511922202083,0.7010204554685833,0.7129051685333252,-0.0031663418755433063,-0.018070573740077797
0.20343074303275566,-0.5534073719712505,0.2740463811149041,0.7021652822450928,0.7117906212806702,-0.006847599568379399,-0.016467518948067802
0.1654968359224565,-0.5576621954141037,0.2706209600556431,0.7033488791844827,0.7106015682220459,-0.00973348710555083,-0.015844380938331036
0.13496105744400125,-0.5611648349119495,0.26810981346199503,0.700598352301016,0.7133165001869202,-0.012928603631008092,-0.013203815662695103
0.10982902314963632,-0.5663367959417958,0.2661286733253992,0.696759755256467,0.7170537710189819,-0.01849165141000001,-0.004214266572641882
0.0953257373434031,-0.5693197375325492,0.26400569726773243,0.6969317037640831,0.716822624206543,-0.021145763969625194,0.0020973604476189696
0.0745425613424617,-0.570429874779653,0.25778463547777575,0.7002723272302157,0.7135488986968994,-0.02000228869878953,0.008156469134146435
0.059157234614946444,-0.568539310792783,0.25096732027670887,0.7019607413163423,0.7120170593261719,-0.01414499926920956,0.009098560055137227
0.051012692033889945,-0.5684813411956697,0.24913394655369,0.699604160340134,0.714364230632782,-0.010600260147675053,0.011196690248240182
0.0466431381713331,-0.569149738963275,0.2504441400099533,0.6947116383542501,0.7190983295440674,-0.007893488627689639,0.014525801845391182
0.04478408264671328,-0.5701422750937978,0.2523017825132694,0.6911149913918755,0.7225103974342346,-0.007221652919803108,0.01693038353329576
0.04341901695165522,-0.5702819363938738,0.2533556609333825,0.6892073209094055,0.7243324518203735,-0.007757236098837095,0.016600440397778315
0.04236888202050346,-0.5705361473149665,0.25398260682930135,0.6861337141769147,0.7272420525550842,-0.010405522952689147,0.015208265355537246
0.04259031317367404,-0.5714525898015234,0.2547229631053359,0.6830255840013516,0.7301033735275269,-0.013892510724369625,0.01523593087622784
0.04352831471754784,-0.5709402525706363,0.2543209789361792,0.6835150291605636,0.7296501398086548,-0.014198515862394888,0.014707112050642169
0.044438006525128,-0.570050738971276,0.2533562137210721,0.6843486485042,0.7288907766342163,-0.013176011129510416,0.014544631629661386
0.045422088662358216,-0.5700473504075334,0.2522238764612732,0.6840719200589508,0.7291216850280762,-0.012965561373898647,0.016094447316889183
0.04622239493424161,-0.5705854708956926,0.2500238754705162,0.6838987374506699,0.7292230129241943,-0.012964275392442931,0.018661848792314684
0.04662635486478659,-0.5726695815752304,0.24470618162046764,0.6836085478692762,0.7293096780776978,-0.014384534844807685,0.024080035706570645
0.045414204648522256,-0.5754776168892143,0.2343188777311172,0.6812786322065072,0.7312803268432617,-0.01749565678133054,0.027971680812427555
0.044406778507195356,-0.5772446933860244,0.2214514802491054,0.67867733565926,0.7337104082107544,-0.017576004248826722,0.02751709921622208
0.044941071942036656,-0.5791479341048791,0.2085518227098512,0.6803533028892036,0.7323257327079773,-0.013430739461369525,0.025259439130296334
0.04585755312697838,-0.5813292802428014,0.20086475645466498,0.6826260549228089,0.7303222417831421,-0.0096931659816981,0.02360462355366869
0.047209466495117036,-0.5857130439691369,0.1929644092464815,0.6858679537835237,0.7274137735366821,-0.00434607119277048,0.020866907184715226
0.048086052442381684,-0.5901553640109812,0.18585491614086028,0.687576996054301,0.7260074019432068,0.004565003165235328,0.011415581968257454
0.047853354791337496,-0.5917705480749266,0.18107635533331692,0.6868867590720795,0.7266863584518433,0.010411438039299396,0.002258814378425656
0.047567251957980165,-0.5939458654187387,0.17701336338482282,0.6849564500578617,0.7284913063049316,0.011472641649266431,-0.0018593006842886237
0.04772131727132536,-0.5953881414579799,0.17411523474762408,0.6832209498589917,0.7301135063171387,0.011368504592592052,-0.0037589840257286405
0.047790683766892564,-0.5938326263504321,0.17178385793080642,0.6844969948980797,0.7288535237312317,0.013513114980798775,-0.007332894949167954
0.04735247697324232,-0.5921266195079616,0.16989091715152516,0.6857338424120427,0.7276484966278076,0.01435262948223246,-0.009524838302302115
0.04654866325799483,-0.592673345727391,0.16904388744237292,0.6846965729456861,0.7287105321884155,0.010796181273451997,-0.007417838228742397
0.04616316268388539,-0.5917161258080105,0.16759139873792256,0.6840360350357052,0.7293574213981628,0.009353145269525734,-0.006707390683408583
0.04593827758255378,-0.5902610626599263,0.16570552660656002,0.6834554273480419,0.7299220561981201,0.008314555306318562,-0.0057744525326456336
0.04535845882594143,-0.5910386765556314,0.1647305060469013,0.6830307833292671,0.7303720712661743,0.004606749174809713,-0.002092589949606013
0.0448802525142587,-0.5901657486244565,0.16372426336227178,0.6849184323280343,0.7286056280136108,0.003980980576256651,-0.002169656289986033
0.044780527081765616,-0.5887671489848866,0.16290021476803246,0.6869415506798061,0.7266888618469238,0.004734318281810857,-0.0034874300316011125
0.0446945928100985,-0.589450815808468,0.16300108604288588,0.6865724381105635,0.7270509600639343,0.002998054602655066,-0.0024863338998216363
0.04485987564986201,-0.5896763153531596,0.16297767611629901,0.6865241158197921,0.7271014451980591,0.0021136954905045845,-0.0019095414811733107
0.04502621732756008,-0.5883876292207537,0.1622793289509684,0.6874082901444095,0.7262589931488037,0.0030449251413342533,-0.0029067434843685095
0.045082257151653427,-0.588106919186232,0.16200763023326192,0.6871361873225256,0.7265175580978394,0.0028310655554752632,-0.0028395305407861735
0.045415206551309324,-0.5884920744948197,0.1619026412404795,0.6861127513991389,0.727492094039917,0.0013995927246387159,-0.001609271961642757
0.045706278281920774,-0.5886494060148233,0.16193900345107987,0.684947089150509,0.7285913825035095,0.0004207121134658012,-0.001370892969891957
0.045661194865566634,-0.588442070204141,0.16177530780805777,0.6846553605051074,0.7288649082183838,0.00028376502809823436,-0.0017114240143460853
0.04591811332237944,-0.5883878361023329,0.16178136918408795,0.6851978591647293,0.7283552885055542,0.0004286301050289364,-0.0015017109409795266
0.046164516958272846,-0.5884032225738661,0.16183239067689467,0.685178589987823,0.7283738255500793,0.0005611317681204607,-0.001235300372165647
0.04622144750351934,-0.5882948998629897,0.1617981165207124,0.6851731118973352,0.7283787727355957,0.0006999083902576584,-0.001295493934016538
0.04650371165633614,-0.5877338850671326,0.16183185504215727,0.6849355400126161,0.7285987734794617,0.0014770577478768194,-0.00223277968670755
0.04659366352967236,-0.5879557027677993,0.1621055781667267,0.6849193769440134,0.7286150455474854,0.0012981539362148893,-0.0019603554312783884
0.04634657158764254,-0.5907583861375769,0.16864314102715627,0.685237144730128,0.7283149361610413,-0.0009475811307167356,-0.002559735643575985
0.04686297902690215,-0.5940023366883358,0.1849906497617858,0.6861417090424644,0.7274064421653748,-0.0027570741179542176,-0.009046639768090864
0.04863628162568504,-0.5950536078260423,0.21001716898531442,0.6900212099891371,0.7234597206115723,-0.0026350968224976424,-0.021675490530722763
0.052520520293193276,-0.5964094143294018,0.2390048096456843,0.690013950140694,0.723235011100769,-0.005841270418084751,-0.027888869279785976
0.05759797904558032,-0.5960508151265631,0.2627011446991071,0.6882125655127387,0.7249206900596619,-0.010026728345809508,-0.027439863373382948
0.06351296788302495,-0.5922683602414252,0.27797086830964607,0.686521747937352,0.7266164422035217,-0.010688210568643781,-0.0245399237073371
0.0671709050654909,-0.586611627729757,0.2823597248324201,0.6896478495624346,0.7237550020217896,-0.007610453063475782,-0.02250774198920039
0.06705398052762641,-0.5849638696177684,0.28292225912822894,0.6922198900293148,0.7213996052742004,-0.010307743305851368,-0.017548592063898447
0.0660439846486207,-0.5843808002453144,0.282231484810058,0.6899279787237637,0.723569393157959,-0.013844787554668508,-0.015968838777588795
0.06478850077390974,-0.5816733073028731,0.2800871027982431,0.6859646349228659,0.727191686630249,-0.01527231205444537,-0.020285205078931536
0.06418798790981498,-0.5798941029985948,0.278042152887935,0.6852468415838645,0.7277939915657043,-0.016078371741487515,-0.022229934635501963
0.0640743461294436,-0.5797282525422651,0.27671588186264084,0.6874323331676924,0.7257419228553772,-0.017885107008659053,-0.02038495552854906
0.06396416825010727,-0.5804593226039708,0.2763037248781258,0.6871183474110399,0.7260223031044006,-0.020607272593408273,-0.018313089051631547
0.063654976950559,-0.5802249050173501,0.27601892409743023,0.6860291657792413,0.7269935011863708,-0.021774094728453656,-0.01924335441411317
0.06703179423285378,-0.5811787351156027,0.2768219603300899,0.6816242363787656,0.7311801314353943,-0.022869752549533457,-0.015524049766970421
0.08287541286584285,-0.5805946809444145,0.2766942947719994,0.6690855624510018,0.7428459525108337,-0.021208128114176408,-0.0073896746064557655
0.09910853424140124,-0.577838000442664,0.2745039277358114,0.6704452420563398,0.7417067289352417,-0.018512503816053724,-0.005622760813071985
0.12763911704270672,-0.5752875461977284,0.270503195662921,0.6789443180796138,0.7339727282524109,-0.01775321096704975,-0.001865522403233133
0.15769012326454138,-0.5753326071648258,0.2676701156161667,0.682032381672671,0.7310310006141663,-0.020076597820008837,0.004734708696454391
0.19092738495412004,-0.5741982135438904,0.26334305416254583,0.6841159251336519,0.7290418744087219,-0.019852421803925126,0.00944652852035832
0.22122679814637375,-0.5718211113949987,0.25705344474268393,0.6871907586697704,0.7262083292007446,-0.017152577869950433,0.009804423797752383
0.2480888407867886,-0.5727613488079261,0.24989542691297223,0.6898961922020389,0.7236033082008362,-0.017091681581838485,0.012221526686870666
0.2726541618693908,-0.5759863711420984,0.24177613393472852,0.6944694095631244,0.7191722393035889,-0.017635032119759125,0.013874410894693183
0.2925177139647423,-0.5797379749150359,0.23283031103176513,0.6984440115507841,0.7153387665748596,-0.017986969444149993,0.011954197693353407
0.30962630506272437,-0.5836290383984143,0.22356600688572806,0.7037983849993406,0.7101271152496338,-0.019301304766798078,0.0038443942989489035
0.31998259333333984,-0.5856814418687091,0.21991015894674848,0.7041534615619336,0.7097333073616028,-0.02043210650752185,-0.005387374600236094
0.3316578724097973,-0.5924588218519349,0.2208911348601389,0.7012438392653998,0.7125098705291748,-0.023093983949290138,-0.007310714828436403
0.3360718154406421,-0.6004129379709333,0.2220880227547055,0.7014855246874593,0.7122517228126526,-0.02470309836185333,-0.0023033100448501096
0.33571021796242795,-0.6052525053235133,0.22160288247236598,0.7053712955829421,0.7084764242172241,-0.022465599762437963,-0.002793318527312676
0.33305750987658883,-0.6065751167875305,0.22142191229465769,0.7076629400253296,0.7062907876004778,-0.017065475862523938,-0.008676292832418114
0.33072240733830105,-0.6088426014275851,0.22414419030895796,0.7066127494954926,0.7074143886566162,-0.013220148012900394,-0.009410748166808987
0.32732225783979324,-0.6098560590761659,0.22728895033584387,0.7064354333383026,0.707603394985199,-0.010314621240752492,-0.011832212526476715
0.32272554448500695,-0.6101173927292984,0.2286445507315671,0.7069429138170608,0.707028865814209,-0.009223387674431547,-0.016027056857440002
0.3210118796883336,-0.6097440361171363,0.22910751992823022,0.70442519274715,0.7095556259155273,-0.007084146702424726,-0.016302125612121996
0.3213714570114894,-0.6106441842551511,0.22909822191448703,0.6998758674734015,0.7141452431678772,-0.00632758129634878,-0.011414146899279573
0.32259161312106227,-0.6131093460735332,0.22813265256155976,0.6953694157158679,0.7186160683631897,-0.007022751446084559,-0.0017327296822753017
0.32383745360163363,-0.6138651003456828,0.22462527788353764,0.6938198346469338,0.7201017737388611,-0.006054966100320697,0.005552056677541702
0.3248375924700559,-0.614482930755841,0.2175469711847863,0.6938555387590379,0.7199797630310059,-0.00514413432150896,0.012929561068001243
0.324910399104814,-0.6156603923537735,0.20955972216163157,0.6946690606505029,0.7190676331520081,-0.00507550286754326,0.01873088725343028
0.32455821781032895,-0.6148762849431867,0.19666287828242862,0.6948323982000317,0.7188916206359863,-0.002989155100334348,0.01984629910681971
0.3239557944185263,-0.613304596302889,0.18544946001788232,0.694789422892736,0.7189961671829224,-0.0002770524917422529,0.01766641870202527
0.32233967346067677,-0.6161314187710683,0.17556799906523224,0.6923891461859827,0.7211973071098328,-0.0025471613694005215,0.021568956679370307
0.32026528886714595,-0.6230028648212688,0.16782894782861593,0.6887131634692617,0.7243537902832031,-0.008252456707012539,0.030292824065566985
0.3198929651000144,-0.6250040670608772,0.1603240699120394,0.6889830069482221,0.7241631746292114,-0.006922873034023447,0.029019975477587265
0.3208813229671596,-0.6254281175568142,0.1554947873004358,0.6911929996930858,0.7222301363945007,-0.00294282395159232,0.025043367841673617
0.3208910654534683,-0.628152398865604,0.15365970085756098,0.6961852231262103,0.7175254225730896,-0.00025756723408525866,0.02198402515030712
0.3207996859118169,-0.63057479179574,0.1533470771218893,0.700947349987238,0.7129542231559753,0.0024705359918752,0.019052093633621384
0.3222700349037989,-0.6306539472692684,0.15364960057880006,0.7059947423467229,0.7080073356628418,0.009415660261808406,0.01443652616693346
0.3238275721061542,-0.6305409950898054,0.1540321054443581,0.7073627710342407,0.7065843940704167,0.01294294649700958,0.014452948647072224
0.32486903653096844,-0.6323806065841486,0.1550074062780618,0.7077565789222717,0.7061117157062091,0.012756508845266516,0.01800295920279
0.323370151489242,-0.6326292373037586,0.15421939707205962,0.7078056335449219,0.7061213542078488,0.010818972908313039,0.016934275334594885
0.32088158820686163,-0.631457876526213,0.15195928158356828,0.7087521553039551,0.7052758371671863,0.008879131450778793,0.013322742325863805
0.3191409781580292,-0.6313416811101711,0.15014285802836372,0.708458662033081,0.705600236769526,0.006412357065935357,0.013173391518689449
0.31958618398290495,-0.6308229824830613,0.14897234715970653,0.7082192897796631,0.705791679759869,0.006619788333846488,0.015483661056441536
0.32004796973726574,-0.6301589631778913,0.14805937712611922,0.7086427211761475,0.705326908471886,0.007281520933703001,0.01692347039364618
0.3200125076598752,-0.6299023480305271,0.1475438236408484,0.7093664407730103,0.7045865561051876,0.007327783316222865,0.017416297109402627
0.32013491770207614,-0.629195438580735,0.14708823020340422,0.7093998789787292,0.7045593257177499,0.007875124632218166,0.016910657552526322
0.3206341978645025,-0.628527947684224,0.14686642616807538,0.7095304131507874,0.7044230981935607,0.008613503129062236,0.016747370700307577
0.32177062378439153,-0.6285424532649587,0.14707714586500928,0.709272563457489,0.7046249046982244,0.009172764527823552,0.018761785813332064
0.3220468839530131,-0.6288750793259721,0.1472603695108856,0.7093278169631958,0.7045392942677614,0.009050968061333922,0.019912399433572033
0.32146812230325505,-0.6290202352994999,0.14706615979996127,0.7106690406799316,0.7032068404766112,0.008496795869896384,0.01942835586338001
0.3211352804430831,-0.6289508828982845,0.14682649358413583,0.7106711268424988,0.703221899280401,0.007987112397087527,0.01901809917618743
0.3209054492528858,-0.6290363260583447,0.1467738489603503,0.710347056388855,0.70356169201777,0.007324511125658833,0.018823512223711585
0.32052437603479467,-0.6293426067368769,0.14680734805493473,0.7095138430595398,0.7044125676385794,0.006316084363419071,0.018791312896833577
0.32055936603618135,-0.6293255986376507,0.1468234283117277,0.7091253995895386,0.7048038659224273,0.006232664611103957,0.01881085181559604
0.32123249140917826,-0.6289329936986552,0.14690218741862096,0.7093467116355896,0.7045586976424394,0.007487765903000693,0.01918883576163122
0.32133263364963066,-0.6289141443823647,0.14675183120744772,0.7090803384780884,0.7048089555617337,0.0077160164920390744,0.01974611811830097
0.321628503867489,-0.6296439290769632,0.1467761708551009,0.7068436118834722,0.7069791555404663,0.007279062492257353,0.022352063147219305
0.3215649595620501,-0.6303883192951298,0.14688749476245505,0.7068611850660816,0.7069022059440613,0.007064400883226793,0.024219762354845183
0.32022378512646466,-0.6305275373747887,0.14724738857782105,0.7077308893203735,0.7060937703731703,0.006982025245040797,0.022357494211521167
0.3185096488336957,-0.63003395746547,0.15041481888633282,0.7080909013748169,0.7058836451750354,0.007001103310639988,0.01692660167150652
0.31810671793430034,-0.630286776041486,0.16001861680171606,0.7075612545013428,0.7065048425508729,0.006721116045129571,0.012758515204803646
0.3204832983076799,-0.6323894014042777,0.17839826835590789,0.7056237011018093,0.7083960175514221,0.0064140993217445775,0.015137804061341608
0.3244978186920241,-0.6320391816079695,0.20445220009143159,0.7032059255787932,0.7106978893280029,0.008979357187950657,0.01814720566841495
0.3253734546548585,-0.6270291031097475,0.22922529634803543,0.7036071664502288,0.7103577256202698,0.01304922649277122,0.012592605105811326
0.3253756287064912,-0.6231882904807192,0.24299566110685666,0.7034407886514168,0.7105114459991455,0.015100433553807474,0.010793885513145626
0.3239954241239937,-0.6163794451288169,0.2621045421283612,0.6994947106589716,0.7142699360847473,0.01716373463943092,0.01520019422727559
0.3213585834343415,-0.611508462956441,0.26869413850146756,0.69631342588824,0.7171915769577026,0.01817665426463787,0.02129559820943286
0.31890378918942325,-0.6062767104002688,0.27011216681629663,0.6964964348122791,0.7167578339576721,0.020027629394040607,0.027383369964156683
0.3170506373271451,-0.6021165515740041,0.26898003398725395,0.6958380106071247,0.7173158526420593,0.021045371106724088,0.028714300464223838
0.3134133467329362,-0.5984448199772968,0.2671664448020094,0.6949718173260683,0.7181921601295471,0.018865995853894053,0.029296171798203704
0.3119263578493103,-0.5980731239957332,0.2674728674853214,0.6930766734835847,0.7200270295143127,0.014211048201043125,0.03168347262792987
0.31316829725317624,-0.5973565826202338,0.2679814753377436,0.691912518537628,0.7211406826972961,0.01352155037825454,0.032098516240425375
0.3142448699332499,-0.5969208058966745,0.2685560706196255,0.6934623855738609,0.7196419835090637,0.01411424163954692,0.03203363810869204
0.31443646951310117,-0.5977031765227573,0.2693013371788329,0.693514646336054,0.7195674180984497,0.013263754101396734,0.03292832135004086
0.31429437794030046,-0.5979631161572171,0.2693479765149721,0.6935094166746815,0.7195688486099243,0.013093466320746278,0.033073969076860464
0.3134508476557014,-0.5982786217345597,0.26917532456226134,0.6933199045572257,0.719791829586029,0.012185287608653044,0.03253849902921
0.3122848859845218,-0.5981524561402195,0.26848621803806816,0.6926382417017357,0.7205172777175903,0.011506077788090445,0.031220602256907416
0.31133700309930357,-0.5975461028324253,0.2674375187415475,0.6926911318421933,0.7205328345298767,0.011411536997596616,0.029685631000032485
0.31072266412596866,-0.5971304667070897,0.26674926557573286,0.6929126067328377,0.7203681468963623,0.011252291881769334,0.028552063128990977
0.31030785290345203,-0.5972019633001624,0.2671201246311325,0.693042562258787,0.7202675938606262,0.010946234404716171,0.028049745576306954
0.31073973469451716,-0.5982020101611998,0.26985536846466646,0.6923819356676127,0.7208138108253479,0.010407150552632166,0.030436147511843793
0.3115000888897658,-0.5994172556049814,0.27703761722813075,0.6888520776378304,0.7239533066749573,0.011094559277679569,0.03537375112143604
0.3102843159790477,-0.6012890207649055,0.2856868359123995,0.6858071675677198,0.7264716625213623,0.012309033340378462,0.041904226702781135
0.30600239918427374,-0.6048917532899931,0.29689296022530803,0.680432225768472,0.7309018969535828,0.013019109651547109,0.05123370178530798
0.2979692204080137,-0.6093922920132194,0.3095378167865222,0.6754856061625064,0.7346652150154114,0.014026754322409728,0.06155860204627005
0.287906426308634,-0.6115518251185414,0.3202367305673811,0.6732041169443047,0.7360502481460571,0.01810321535830701,0.0685456761405733
0.28034953303675797,-0.6106057518754102,0.32494310256036657,0.6734751572550578,0.7355144023895264,0.022583628229316585,0.07028333517698385
0.26953280101108607,-0.6092465521898074,0.32899741577712055,0.6757345985488746,0.7331368923187256,0.025279493680487663,0.07248446085920934
0.2625431170946712,-0.6096721877209283,0.3323947913049654,0.6764580603511954,0.7315987348556519,0.02200865004727144,0.08175184490565895
0.26024793061666407,-0.6103802510404105,0.3359424080298496,0.6763124011570961,0.7305818200111389,0.01781039367146005,0.09238232370721011
0.2595217836688918,-0.6099722016456184,0.33848633112969956,0.6796605660717938,0.7268339395523071,0.017197312153491153,0.09735588081583733
0.25856388747787606,-0.6098804499580002,0.33978309757145125,0.6827018439486497,0.7237690687179565,0.016824281538616898,0.09896197334293927
0.2577199016406231,-0.6111704656946275,0.34039554789160037,0.6845745214442298,0.7217394709587097,0.0152800996658149,0.10107624174635209
0.2568133265028926,-0.6132654626897293,0.34114280542742215,0.6842757597481246,0.7215269207954407,0.0116719656296755,0.10502091765052476
0.2558982446504831,-0.614559134851862,0.3413246228212125,0.6842557951019731,0.721280574798584,0.009420808011043164,0.10704935110852518
0.25518982049171146,-0.6155143671577673,0.34133977180392117,0.6844766512576805,0.7208174467086792,0.008227953904390312,0.10884046586909225
0.2554120114419503,-0.6157825716991514,0.3409130700468431,0.685289756631898,0.7197254300117493,0.008125322097700225,0.11093792619948924
0.2561165676741093,-0.6160288843693228,0.34053471309554634,0.6853974742382869,0.7191758155822754,0.007808964953628443,0.11382192314521124
0.25612251615198545,-0.6157620088979314,0.33971257451373116,0.685368420425094,0.719099760055542,0.007685571793088235,0.11448399342296377
0.25534270178513163,-0.6155410879419829,0.33845025583710925,0.6870955454969352,0.7174932956695557,0.007614708519792662,0.11421515008085774
0.2535832386255327,-0.6169556118865935,0.3378304959573192,0.6885306325705143,0.7158921360969543,0.0057366966503575485,0.11571988723538074
0.2529910946815199,-0.6174239768116917,0.3376677850756646,0.6882566919275247,0.7160996794700623,0.004898813331787237,0.1161032558354701
0.2532602079962389,-0.6178831748628614,0.33809923913709183,0.6881888127341889,0.715969443321228,0.004656004451480547,0.11731255499597078
0.25399574554384163,-0.6189757303441437,0.339267376779238,0.6881518072282921,0.7155323028564453,0.004267402547169831,0.12017658376809237
0.25466691068508795,-0.6193857949753379,0.3401334021304801,0.6880566143984048,0.7154073715209961,0.0044600843272561645,0.121451556144509
0.253793498832027,-0.620056074698129,0.34050602412472875,0.6888735883834438,0.7146440744400024,0.003952370082950973,0.12133176256599863
0.25039454300735225,-0.6208366881185129,0.3402813162418877,0.6910412921640479,0.7131848335266113,0.0025267918553821553,0.11757084286862028
0.2487326348068659,-0.6217720074927879,0.340539507243488,0.6906556632536354,0.7137115001678467,0.0004284770172909157,0.11666396579236436
0.2482074482222158,-0.6228577927786406,0.34145463650569097,0.6900047534649163,0.7141993641853333,-0.000976970461484718,0.11752338558015028
0.24892855673997025,-0.6238345886068443,0.3430397527995935,0.6899839382461894,0.7138631343841553,-0.0008488118447077185,0.11966975091864838
0.24841076402980666,-0.624818104396427,0.34381359446653187,0.6906545518576891,0.7130421996116638,-0.0011629188503342804,0.12068857717088076
0.2478778993466887,-0.6261889981779022,0.34449003097596564,0.691079168069817,0.7122785449028015,-0.002375705493118964,0.12273214413963467
0.24759991292228964,-0.6265511386112567,0.34451294694620677,0.6908147299893839,0.7124821543693542,-0.0033571827886638675,0.12301598971476871
0.2473265492945575,-0.6264749977263685,0.3443473569046609,0.6905249142866698,0.7128812074661255,-0.003886188757228995,0.12231357937334114
0.24703701615022922,-0.6258888770332043,0.3439578359010643,0.6918181475938108,0.7119153141975403,-0.0030815100881740024,0.12064292316107517
0.24764303287963024,-0.624912502556547,0.34338770028241705,0.6930427735166172,0.7108027935028076,-0.0011260366682937293,0.1202075194045466
0.24820530444404873,-0.6245364503572074,0.34336030076251706,0.6930918256111861,0.7107108235359192,-0.00014954253496318937,0.1204733244261418
0.24916556847405485,-0.6239811426423745,0.34328875440156287,0.69295788042323,0.7107215523719788,0.0011369159147898774,0.12117330989641738
0.24975779886612046,-0.6240487280435768,0.3433456955474785,0.6931565113363434,0.7102587223052979,0.001844298425271515,0.12273218667527556
0.25017498477590905,-0.623852429276194,0.34321381996240286,0.6935899700629613,0.7096986174583435,0.0030741108680320994,0.12349639087742376
0.2504806884281087,-0.62284907033702,0.3423901336078359,0.6930987602186301,0.7102823853492737,0.004819220807315247,0.12284075135743235
0.25009541571170274,-0.6220326732196978,0.3411911818329274,0.6919820279430864,0.7115548849105835,0.00539190323905279,0.12174339054879552
0.24960167014875212,-0.6218754264474626,0.340091756440999,0.6905518480571055,0.7129256725311279,0.004792429707698414,0.12186937836196324
0.2484957005597594,-0.6229041143051012,0.33884690507384746,0.689477663852093,0.7134732604026794,0.0026902790642104185,0.12477684236081904
0.2483171761986918,-0.6231865615898112,0.3388272169183297,0.6896842195694611,0.7131518721580505,0.0025076860457936443,0.1254742508044534
0.2487865433687888,-0.6229796426181617,0.3389536200645491,0.6899941021325541,0.7127808332443237,0.003606085345270343,0.12585151365185643
0.24910279272528757,-0.6226930181329454,0.33899317432929404,0.6934568107671514,0.7093077898025513,0.006497743441232953,0.1263245463118826
0.24932799681643378,-0.6223350650006471,0.3389913122957958,0.6957752706544568,0.7070382833480835,0.008619952459442567,0.12617200853374633
0.24952886249714104,-0.622685532711004,0.3394830602898214,0.6958776033724028,0.7068079710006714,0.008774612687028735,0.12688537936550953
0.24977201903188184,-0.6234312414489167,0.34043574448724895,0.695337478751583,0.707135021686554,0.008334614652650285,0.1280482336058374
0.250079197731293,-0.6236296514198623,0.3408650257018814,0.6957982579801487,0.706567645072937,0.008720709622513737,0.12865018560717095
0.25012192517648757,-0.6241728444631301,0.3411299335661823,0.6961794552214872,0.7059332728385925,0.00845734308689569,0.13008013863540713
0.2500563575561439,-0.6247159566306677,0.34119982305542323,0.6960628462002538,0.7058016657829285,0.007696568642024049,0.13145833829076317
0.2504038130527699,-0.6238885555464887,0.34050522661197496,0.6945295648823757,0.7074081897735596,0.007950701068267459,0.13091661454443146
0.25033757855883565,-0.6242931154205439,0.34041918110831426,0.6934738755433922,0.7081888914108276,0.0068734104399380234,0.13234508708401488
0.2501049971019791,-0.625540063650198,0.34103941359173573,0.6937092072965158,0.7073805928230286,0.005856964908379332,0.1354470857772758
0.2499700994592031,-0.6259660235706496,0.3414084532310274,0.694278936231104,0.7065905332565308,0.0063051794543702785,0.1366266598146673
0.24980149447479,-0.626054001215673,0.34150510303826975,0.6948438476480631,0.7059543132781982,0.007126332552970062,0.13700274833846765
0.25004972330536096,-0.6257098642920526,0.3412525476293695,0.6942165845199828,0.7067471742630005,0.006516587854871944,0.13612222234979057
0.2502722070269642,-0.6253147334040219,0.341015781353491,0.6936689457397396,0.7074785828590393,0.006108658106837758,0.13513015732967443
0.25010656530544,-0.6253467634303367,0.3409330358545745,0.6936492254435512,0.7075101137161255,0.005916278612554243,0.1350746696208801
0.2500201636476829,-0.625499086683465,0.34102914123566436,0.6937158541764851,0.7074099779129028,0.005821687216764561,0.13526115336585415
0.25015071723126453,-0.6254775164094991,0.3410617570266438,0.693648857700842,0.7074683904647827,0.005821520093464697,0.13529926170376275
0.2501935870206829,-0.6254662611544661,0.34106822596039843,0.693626323219255,0.7074889540672302,0.005824408436676793,0.13530702436758207
0.25017282691372567,-0.6254748847755116,0.34106764333868783,0.6936388959164248,0.7074766755104065,0.005823148687786844,0.13530689601662424
0.2501287653921169,-0.625492840064024,0.3410621331878951,0.6936630872096424,0.7074546217918396,0.005808700684749736,0.13529861552780367
0.2500686346259232,-0.6255094748151335,0.34104882305716633,0.6936965651078948,0.7074249386787415,0.005800708684146631,0.13528266609901185
0.25012474043695226,-0.6254816321730151,0.3410580968838325,0.6936652547579855,0.7074514627456665,0.005843827874093463,0.13530252399330553
0.25012449078976745,-0.6254812869513491,0.3410567142625369,0.6936653998031771,0.7074515223503113,0.005844413135043683,0.13530144305666852
0.25012476566156244,-0.6254810433670245,0.34105612152790193,0.6936652844601623,0.7074517011642456,0.005844968817515771,0.13530107499805832
0.2501254400653893,-0.6254807437230886,0.34105575109315556,0.6936650958178113,0.7074518799781799,0.005845632097929243,0.13530107727601492
0.25012529739016537,-0.625480767828475,0.3410555251041526,0.693665143343859,0.7074518799781799,0.00584564641946364,0.1353008328371491
